sulfur,paraffin,percentVoid
0.35,0,0
0.35,0,1
0.35,0,2
0.35,0,3
0.35,0,4
0.35,0,5
0.35,0,6
0.35,0,7
0.35,0,8
0.35,0,9
0.35,0,10
0.35,0,11
0.35,0,12
0.35,0,13
0.35,0,14
0.35,0,15
0.35,0,16
0.35,0,17
0.35,0,18
0.35,0,19
0.35,0,20
0.35,0,21
0.35,0,22
0.35,0,23
0.35,0,24
0.35,0,25
0.35,0,26
0.35,0,27
0.35,0,28
0.35,0,29
0.35,0,30
0.35,1,0
0.35,1,1
0.35,1,2
0.35,1,3
0.35,1,4
0.35,1,5
0.35,1,6
0.35,1,7
0.35,1,8
0.35,1,9
0.35,1,10
0.35,1,11
0.35,1,12
0.35,1,13
0.35,1,14
0.35,1,15
0.35,1,16
0.35,1,17
0.35,1,18
0.35,1,19
0.35,1,20
0.35,1,21
0.35,1,22
0.35,1,23
0.35,1,24
0.35,1,25
0.35,1,26
0.35,1,27
0.35,1,28
0.35,1,29
0.35,1,30
0.35,2,0
0.35,2,1
0.35,2,2
0.35,2,3
0.35,2,4
0.35,2,5
0.35,2,6
0.35,2,7
0.35,2,8
0.35,2,9
0.35,2,10
0.35,2,11
0.35,2,12
0.35,2,13
0.35,2,14
0.35,2,15
0.35,2,16
0.35,2,17
0.35,2,18
0.35,2,19
0.35,2,20
0.35,2,21
0.35,2,22
0.35,2,23
0.35,2,24
0.35,2,25
0.35,2,26
0.35,2,27
0.35,2,28
0.35,2,29
0.35,2,30
0.35,3,0
0.35,3,1
0.35,3,2
0.35,3,3
0.35,3,4
0.35,3,5
0.35,3,6
0.35,3,7
0.35,3,8
0.35,3,9
0.35,3,10
0.35,3,11
0.35,3,12
0.35,3,13
0.35,3,14
0.35,3,15
0.35,3,16
0.35,3,17
0.35,3,18
0.35,3,19
0.35,3,20
0.35,3,21
0.35,3,22
0.35,3,23
0.35,3,24
0.35,3,25
0.35,3,26
0.35,3,27
0.35,3,28
0.35,3,29
0.35,3,30
0.35,4,0
0.35,4,1
0.35,4,2
0.35,4,3
0.35,4,4
0.35,4,5
0.35,4,6
0.35,4,7
0.35,4,8
0.35,4,9
0.35,4,10
0.35,4,11
0.35,4,12
0.35,4,13
0.35,4,14
0.35,4,15
0.35,4,16
0.35,4,17
0.35,4,18
0.35,4,19
0.35,4,20
0.35,4,21
0.35,4,22
0.35,4,23
0.35,4,24
0.35,4,25
0.35,4,26
0.35,4,27
0.35,4,28
0.35,4,29
0.35,4,30
0.35,5,0
0.35,5,1
0.35,5,2
0.35,5,3
0.35,5,4
0.35,5,5
0.35,5,6
0.35,5,7
0.35,5,8
0.35,5,9
0.35,5,10
0.35,5,11
0.35,5,12
0.35,5,13
0.35,5,14
0.35,5,15
0.35,5,16
0.35,5,17
0.35,5,18
0.35,5,19
0.35,5,20
0.35,5,21
0.35,5,22
0.35,5,23
0.35,5,24
0.35,5,25
0.35,5,26
0.35,5,27
0.35,5,28
0.35,5,29
0.35,5,30
0.35,6,0
0.35,6,1
0.35,6,2
0.35,6,3
0.35,6,4
0.35,6,5
0.35,6,6
0.35,6,7
0.35,6,8
0.35,6,9
0.35,6,10
0.35,6,11
0.35,6,12
0.35,6,13
0.35,6,14
0.35,6,15
0.35,6,16
0.35,6,17
0.35,6,18
0.35,6,19
0.35,6,20
0.35,6,21
0.35,6,22
0.35,6,23
0.35,6,24
0.35,6,25
0.35,6,26
0.35,6,27
0.35,6,28
0.35,6,29
0.35,6,30
0.35,7,0
0.35,7,1
0.35,7,2
0.35,7,3
0.35,7,4
0.35,7,5
0.35,7,6
0.35,7,7
0.35,7,8
0.35,7,9
0.35,7,10
0.35,7,11
0.35,7,12
0.35,7,13
0.35,7,14
0.35,7,15
0.35,7,16
0.35,7,17
0.35,7,18
0.35,7,19
0.35,7,20
0.35,7,21
0.35,7,22
0.35,7,23
0.35,7,24
0.35,7,25
0.35,7,26
0.35,7,27
0.35,7,28
0.35,7,29
0.35,7,30
0.35,8,0
0.35,8,1
0.35,8,2
0.35,8,3
0.35,8,4
0.35,8,5
0.35,8,6
0.35,8,7
0.35,8,8
0.35,8,9
0.35,8,10
0.35,8,11
0.35,8,12
0.35,8,13
0.35,8,14
0.35,8,15
0.35,8,16
0.35,8,17
0.35,8,18
0.35,8,19
0.35,8,20
0.35,8,21
0.35,8,22
0.35,8,23
0.35,8,24
0.35,8,25
0.35,8,26
0.35,8,27
0.35,8,28
0.35,8,29
0.35,8,30
0.35,9,0
0.35,9,1
0.35,9,2
0.35,9,3
0.35,9,4
0.35,9,5
0.35,9,6
0.35,9,7
0.35,9,8
0.35,9,9
0.35,9,10
0.35,9,11
0.35,9,12
0.35,9,13
0.35,9,14
0.35,9,15
0.35,9,16
0.35,9,17
0.35,9,18
0.35,9,19
0.35,9,20
0.35,9,21
0.35,9,22
0.35,9,23
0.35,9,24
0.35,9,25
0.35,9,26
0.35,9,27
0.35,9,28
0.35,9,29
0.35,9,30
0.35,10,0
0.35,10,1
0.35,10,2
0.35,10,3
0.35,10,4
0.35,10,5
0.35,10,6
0.35,10,7
0.35,10,8
0.35,10,9
0.35,10,10
0.35,10,11
0.35,10,12
0.35,10,13
0.35,10,14
0.35,10,15
0.35,10,16
0.35,10,17
0.35,10,18
0.35,10,19
0.35,10,20
0.35,10,21
0.35,10,22
0.35,10,23
0.35,10,24
0.35,10,25
0.35,10,26
0.35,10,27
0.35,10,28
0.35,10,29
0.35,10,30
0.35,11,0
0.35,11,1
0.35,11,2
0.35,11,3
0.35,11,4
0.35,11,5
0.35,11,6
0.35,11,7
0.35,11,8
0.35,11,9
0.35,11,10
0.35,11,11
0.35,11,12
0.35,11,13
0.35,11,14
0.35,11,15
0.35,11,16
0.35,11,17
0.35,11,18
0.35,11,19
0.35,11,20
0.35,11,21
0.35,11,22
0.35,11,23
0.35,11,24
0.35,11,25
0.35,11,26
0.35,11,27
0.35,11,28
0.35,11,29
0.35,11,30
0.35,12,0
0.35,12,1
0.35,12,2
0.35,12,3
0.35,12,4
0.35,12,5
0.35,12,6
0.35,12,7
0.35,12,8
0.35,12,9
0.35,12,10
0.35,12,11
0.35,12,12
0.35,12,13
0.35,12,14
0.35,12,15
0.35,12,16
0.35,12,17
0.35,12,18
0.35,12,19
0.35,12,20
0.35,12,21
0.35,12,22
0.35,12,23
0.35,12,24
0.35,12,25
0.35,12,26
0.35,12,27
0.35,12,28
0.35,12,29
0.35,12,30
0.35,13,0
0.35,13,1
0.35,13,2
0.35,13,3
0.35,13,4
0.35,13,5
0.35,13,6
0.35,13,7
0.35,13,8
0.35,13,9
0.35,13,10
0.35,13,11
0.35,13,12
0.35,13,13
0.35,13,14
0.35,13,15
0.35,13,16
0.35,13,17
0.35,13,18
0.35,13,19
0.35,13,20
0.35,13,21
0.35,13,22
0.35,13,23
0.35,13,24
0.35,13,25
0.35,13,26
0.35,13,27
0.35,13,28
0.35,13,29
0.35,13,30
0.35,14,0
0.35,14,1
0.35,14,2
0.35,14,3
0.35,14,4
0.35,14,5
0.35,14,6
0.35,14,7
0.35,14,8
0.35,14,9
0.35,14,10
0.35,14,11
0.35,14,12
0.35,14,13
0.35,14,14
0.35,14,15
0.35,14,16
0.35,14,17
0.35,14,18
0.35,14,19
0.35,14,20
0.35,14,21
0.35,14,22
0.35,14,23
0.35,14,24
0.35,14,25
0.35,14,26
0.35,14,27
0.35,14,28
0.35,14,29
0.35,14,30
0.35,15,0
0.35,15,1
0.35,15,2
0.35,15,3
0.35,15,4
0.35,15,5
0.35,15,6
0.35,15,7
0.35,15,8
0.35,15,9
0.35,15,10
0.35,15,11
0.35,15,12
0.35,15,13
0.35,15,14
0.35,15,15
0.35,15,16
0.35,15,17
0.35,15,18
0.35,15,19
0.35,15,20
0.35,15,21
0.35,15,22
0.35,15,23
0.35,15,24
0.35,15,25
0.35,15,26
0.35,15,27
0.35,15,28
0.35,15,29
0.35,15,30
0.35,16,0
0.35,16,1
0.35,16,2
0.35,16,3
0.35,16,4
0.35,16,5
0.35,16,6
0.35,16,7
0.35,16,8
0.35,16,9
0.35,16,10
0.35,16,11
0.35,16,12
0.35,16,13
0.35,16,14
0.35,16,15
0.35,16,16
0.35,16,17
0.35,16,18
0.35,16,19
0.35,16,20
0.35,16,21
0.35,16,22
0.35,16,23
0.35,16,24
0.35,16,25
0.35,16,26
0.35,16,27
0.35,16,28
0.35,16,29
0.35,16,30
0.35,17,0
0.35,17,1
0.35,17,2
0.35,17,3
0.35,17,4
0.35,17,5
0.35,17,6
0.35,17,7
0.35,17,8
0.35,17,9
0.35,17,10
0.35,17,11
0.35,17,12
0.35,17,13
0.35,17,14
0.35,17,15
0.35,17,16
0.35,17,17
0.35,17,18
0.35,17,19
0.35,17,20
0.35,17,21
0.35,17,22
0.35,17,23
0.35,17,24
0.35,17,25
0.35,17,26
0.35,17,27
0.35,17,28
0.35,17,29
0.35,17,30
0.35,18,0
0.35,18,1
0.35,18,2
0.35,18,3
0.35,18,4
0.35,18,5
0.35,18,6
0.35,18,7
0.35,18,8
0.35,18,9
0.35,18,10
0.35,18,11
0.35,18,12
0.35,18,13
0.35,18,14
0.35,18,15
0.35,18,16
0.35,18,17
0.35,18,18
0.35,18,19
0.35,18,20
0.35,18,21
0.35,18,22
0.35,18,23
0.35,18,24
0.35,18,25
0.35,18,26
0.35,18,27
0.35,18,28
0.35,18,29
0.35,18,30
0.35,19,0
0.35,19,1
0.35,19,2
0.35,19,3
0.35,19,4
0.35,19,5
0.35,19,6
0.35,19,7
0.35,19,8
0.35,19,9
0.35,19,10
0.35,19,11
0.35,19,12
0.35,19,13
0.35,19,14
0.35,19,15
0.35,19,16
0.35,19,17
0.35,19,18
0.35,19,19
0.35,19,20
0.35,19,21
0.35,19,22
0.35,19,23
0.35,19,24
0.35,19,25
0.35,19,26
0.35,19,27
0.35,19,28
0.35,19,29
0.35,19,30
0.35,20,0
0.35,20,1
0.35,20,2
0.35,20,3
0.35,20,4
0.35,20,5
0.35,20,6
0.35,20,7
0.35,20,8
0.35,20,9
0.35,20,10
0.35,20,11
0.35,20,12
0.35,20,13
0.35,20,14
0.35,20,15
0.35,20,16
0.35,20,17
0.35,20,18
0.35,20,19
0.35,20,20
0.35,20,21
0.35,20,22
0.35,20,23
0.35,20,24
0.35,20,25
0.35,20,26
0.35,20,27
0.35,20,28
0.35,20,29
0.35,20,30
0.35,21,0
0.35,21,1
0.35,21,2
0.35,21,3
0.35,21,4
0.35,21,5
0.35,21,6
0.35,21,7
0.35,21,8
0.35,21,9
0.35,21,10
0.35,21,11
0.35,21,12
0.35,21,13
0.35,21,14
0.35,21,15
0.35,21,16
0.35,21,17
0.35,21,18
0.35,21,19
0.35,21,20
0.35,21,21
0.35,21,22
0.35,21,23
0.35,21,24
0.35,21,25
0.35,21,26
0.35,21,27
0.35,21,28
0.35,21,29
0.35,21,30
0.35,22,0
0.35,22,1
0.35,22,2
0.35,22,3
0.35,22,4
0.35,22,5
0.35,22,6
0.35,22,7
0.35,22,8
0.35,22,9
0.35,22,10
0.35,22,11
0.35,22,12
0.35,22,13
0.35,22,14
0.35,22,15
0.35,22,16
0.35,22,17
0.35,22,18
0.35,22,19
0.35,22,20
0.35,22,21
0.35,22,22
0.35,22,23
0.35,22,24
0.35,22,25
0.35,22,26
0.35,22,27
0.35,22,28
0.35,22,29
0.35,22,30
0.35,23,0
0.35,23,1
0.35,23,2
0.35,23,3
0.35,23,4
0.35,23,5
0.35,23,6
0.35,23,7
0.35,23,8
0.35,23,9
0.35,23,10
0.35,23,11
0.35,23,12
0.35,23,13
0.35,23,14
0.35,23,15
0.35,23,16
0.35,23,17
0.35,23,18
0.35,23,19
0.35,23,20
0.35,23,21
0.35,23,22
0.35,23,23
0.35,23,24
0.35,23,25
0.35,23,26
0.35,23,27
0.35,23,28
0.35,23,29
0.35,23,30
0.35,24,0
0.35,24,1
0.35,24,2
0.35,24,3
0.35,24,4
0.35,24,5
0.35,24,6
0.35,24,7
0.35,24,8
0.35,24,9
0.35,24,10
0.35,24,11
0.35,24,12
0.35,24,13
0.35,24,14
0.35,24,15
0.35,24,16
0.35,24,17
0.35,24,18
0.35,24,19
0.35,24,20
0.35,24,21
0.35,24,22
0.35,24,23
0.35,24,24
0.35,24,25
0.35,24,26
0.35,24,27
0.35,24,28
0.35,24,29
0.35,24,30
0.35,25,0
0.35,25,1
0.35,25,2
0.35,25,3
0.35,25,4
0.35,25,5
0.35,25,6
0.35,25,7
0.35,25,8
0.35,25,9
0.35,25,10
0.35,25,11
0.35,25,12
0.35,25,13
0.35,25,14
0.35,25,15
0.35,25,16
0.35,25,17
0.35,25,18
0.35,25,19
0.35,25,20
0.35,25,21
0.35,25,22
0.35,25,23
0.35,25,24
0.35,25,25
0.35,25,26
0.35,25,27
0.35,25,28
0.35,25,29
0.35,25,30
0.35,26,0
0.35,26,1
0.35,26,2
0.35,26,3
0.35,26,4
0.35,26,5
0.35,26,6
0.35,26,7
0.35,26,8
0.35,26,9
0.35,26,10
0.35,26,11
0.35,26,12
0.35,26,13
0.35,26,14
0.35,26,15
0.35,26,16
0.35,26,17
0.35,26,18
0.35,26,19
0.35,26,20
0.35,26,21
0.35,26,22
0.35,26,23
0.35,26,24
0.35,26,25
0.35,26,26
0.35,26,27
0.35,26,28
0.35,26,29
0.35,26,30
0.35,27,0
0.35,27,1
0.35,27,2
0.35,27,3
0.35,27,4
0.35,27,5
0.35,27,6
0.35,27,7
0.35,27,8
0.35,27,9
0.35,27,10
0.35,27,11
0.35,27,12
0.35,27,13
0.35,27,14
0.35,27,15
0.35,27,16
0.35,27,17
0.35,27,18
0.35,27,19
0.35,27,20
0.35,27,21
0.35,27,22
0.35,27,23
0.35,27,24
0.35,27,25
0.35,27,26
0.35,27,27
0.35,27,28
0.35,27,29
0.35,27,30
0.35,28,0
0.35,28,1
0.35,28,2
0.35,28,3
0.35,28,4
0.35,28,5
0.35,28,6
0.35,28,7
0.35,28,8
0.35,28,9
0.35,28,10
0.35,28,11
0.35,28,12
0.35,28,13
0.35,28,14
0.35,28,15
0.35,28,16
0.35,28,17
0.35,28,18
0.35,28,19
0.35,28,20
0.35,28,21
0.35,28,22
0.35,28,23
0.35,28,24
0.35,28,25
0.35,28,26
0.35,28,27
0.35,28,28
0.35,28,29
0.35,28,30
0.35,29,0
0.35,29,1
0.35,29,2
0.35,29,3
0.35,29,4
0.35,29,5
0.35,29,6
0.35,29,7
0.35,29,8
0.35,29,9
0.35,29,10
0.35,29,11
0.35,29,12
0.35,29,13
0.35,29,14
0.35,29,15
0.35,29,16
0.35,29,17
0.35,29,18
0.35,29,19
0.35,29,20
0.35,29,21
0.35,29,22
0.35,29,23
0.35,29,24
0.35,29,25
0.35,29,26
0.35,29,27
0.35,29,28
0.35,29,29
0.35,29,30
0.35,30,0
0.35,30,1
0.35,30,2
0.35,30,3
0.35,30,4
0.35,30,5
0.35,30,6
0.35,30,7
0.35,30,8
0.35,30,9
0.35,30,10
0.35,30,11
0.35,30,12
0.35,30,13
0.35,30,14
0.35,30,15
0.35,30,16
0.35,30,17
0.35,30,18
0.35,30,19
0.35,30,20
0.35,30,21
0.35,30,22
0.35,30,23
0.35,30,24
0.35,30,25
0.35,30,26
0.35,30,27
0.35,30,28
0.35,30,29
0.35,30,30
0.35,31,0
0.35,31,1
0.35,31,2
0.35,31,3
0.35,31,4
0.35,31,5
0.35,31,6
0.35,31,7
0.35,31,8
0.35,31,9
0.35,31,10
0.35,31,11
0.35,31,12
0.35,31,13
0.35,31,14
0.35,31,15
0.35,31,16
0.35,31,17
0.35,31,18
0.35,31,19
0.35,31,20
0.35,31,21
0.35,31,22
0.35,31,23
0.35,31,24
0.35,31,25
0.35,31,26
0.35,31,27
0.35,31,28
0.35,31,29
0.35,31,30
0.35,32,0
0.35,32,1
0.35,32,2
0.35,32,3
0.35,32,4
0.35,32,5
0.35,32,6
0.35,32,7
0.35,32,8
0.35,32,9
0.35,32,10
0.35,32,11
0.35,32,12
0.35,32,13
0.35,32,14
0.35,32,15
0.35,32,16
0.35,32,17
0.35,32,18
0.35,32,19
0.35,32,20
0.35,32,21
0.35,32,22
0.35,32,23
0.35,32,24
0.35,32,25
0.35,32,26
0.35,32,27
0.35,32,28
0.35,32,29
0.35,32,30
0.35,33,0
0.35,33,1
0.35,33,2
0.35,33,3
0.35,33,4
0.35,33,5
0.35,33,6
0.35,33,7
0.35,33,8
0.35,33,9
0.35,33,10
0.35,33,11
0.35,33,12
0.35,33,13
0.35,33,14
0.35,33,15
0.35,33,16
0.35,33,17
0.35,33,18
0.35,33,19
0.35,33,20
0.35,33,21
0.35,33,22
0.35,33,23
0.35,33,24
0.35,33,25
0.35,33,26
0.35,33,27
0.35,33,28
0.35,33,29
0.35,33,30
0.35,34,0
0.35,34,1
0.35,34,2
0.35,34,3
0.35,34,4
0.35,34,5
0.35,34,6
0.35,34,7
0.35,34,8
0.35,34,9
0.35,34,10
0.35,34,11
0.35,34,12
0.35,34,13
0.35,34,14
0.35,34,15
0.35,34,16
0.35,34,17
0.35,34,18
0.35,34,19
0.35,34,20
0.35,34,21
0.35,34,22
0.35,34,23
0.35,34,24
0.35,34,25
0.35,34,26
0.35,34,27
0.35,34,28
0.35,34,29
0.35,34,30
0.35,35,0
0.35,35,1
0.35,35,2
0.35,35,3
0.35,35,4
0.35,35,5
0.35,35,6
0.35,35,7
0.35,35,8
0.35,35,9
0.35,35,10
0.35,35,11
0.35,35,12
0.35,35,13
0.35,35,14
0.35,35,15
0.35,35,16
0.35,35,17
0.35,35,18
0.35,35,19
0.35,35,20
0.35,35,21
0.35,35,22
0.35,35,23
0.35,35,24
0.35,35,25
0.35,35,26
0.35,35,27
0.35,35,28
0.35,35,29
0.35,35,30
0.35,36,0
0.35,36,1
0.35,36,2
0.35,36,3
0.35,36,4
0.35,36,5
0.35,36,6
0.35,36,7
0.35,36,8
0.35,36,9
0.35,36,10
0.35,36,11
0.35,36,12
0.35,36,13
0.35,36,14
0.35,36,15
0.35,36,16
0.35,36,17
0.35,36,18
0.35,36,19
0.35,36,20
0.35,36,21
0.35,36,22
0.35,36,23
0.35,36,24
0.35,36,25
0.35,36,26
0.35,36,27
0.35,36,28
0.35,36,29
0.35,36,30
0.35,37,0
0.35,37,1
0.35,37,2
0.35,37,3
0.35,37,4
0.35,37,5
0.35,37,6
0.35,37,7
0.35,37,8
0.35,37,9
0.35,37,10
0.35,37,11
0.35,37,12
0.35,37,13
0.35,37,14
0.35,37,15
0.35,37,16
0.35,37,17
0.35,37,18
0.35,37,19
0.35,37,20
0.35,37,21
0.35,37,22
0.35,37,23
0.35,37,24
0.35,37,25
0.35,37,26
0.35,37,27
0.35,37,28
0.35,37,29
0.35,37,30
0.35,38,0
0.35,38,1
0.35,38,2
0.35,38,3
0.35,38,4
0.35,38,5
0.35,38,6
0.35,38,7
0.35,38,8
0.35,38,9
0.35,38,10
0.35,38,11
0.35,38,12
0.35,38,13
0.35,38,14
0.35,38,15
0.35,38,16
0.35,38,17
0.35,38,18
0.35,38,19
0.35,38,20
0.35,38,21
0.35,38,22
0.35,38,23
0.35,38,24
0.35,38,25
0.35,38,26
0.35,38,27
0.35,38,28
0.35,38,29
0.35,38,30
0.35,39,0
0.35,39,1
0.35,39,2
0.35,39,3
0.35,39,4
0.35,39,5
0.35,39,6
0.35,39,7
0.35,39,8
0.35,39,9
0.35,39,10
0.35,39,11
0.35,39,12
0.35,39,13
0.35,39,14
0.35,39,15
0.35,39,16
0.35,39,17
0.35,39,18
0.35,39,19
0.35,39,20
0.35,39,21
0.35,39,22
0.35,39,23
0.35,39,24
0.35,39,25
0.35,39,26
0.35,39,27
0.35,39,28
0.35,39,29
0.35,39,30
0.35,40,0
0.35,40,1
0.35,40,2
0.35,40,3
0.35,40,4
0.35,40,5
0.35,40,6
0.35,40,7
0.35,40,8
0.35,40,9
0.35,40,10
0.35,40,11
0.35,40,12
0.35,40,13
0.35,40,14
0.35,40,15
0.35,40,16
0.35,40,17
0.35,40,18
0.35,40,19
0.35,40,20
0.35,40,21
0.35,40,22
0.35,40,23
0.35,40,24
0.35,40,25
0.35,40,26
0.35,40,27
0.35,40,28
0.35,40,29
0.35,40,30
0.35,41,0
0.35,41,1
0.35,41,2
0.35,41,3
0.35,41,4
0.35,41,5
0.35,41,6
0.35,41,7
0.35,41,8
0.35,41,9
0.35,41,10
0.35,41,11
0.35,41,12
0.35,41,13
0.35,41,14
0.35,41,15
0.35,41,16
0.35,41,17
0.35,41,18
0.35,41,19
0.35,41,20
0.35,41,21
0.35,41,22
0.35,41,23
0.35,41,24
0.35,41,25
0.35,41,26
0.35,41,27
0.35,41,28
0.35,41,29
0.35,41,30
0.35,42,0
0.35,42,1
0.35,42,2
0.35,42,3
0.35,42,4
0.35,42,5
0.35,42,6
0.35,42,7
0.35,42,8
0.35,42,9
0.35,42,10
0.35,42,11
0.35,42,12
0.35,42,13
0.35,42,14
0.35,42,15
0.35,42,16
0.35,42,17
0.35,42,18
0.35,42,19
0.35,42,20
0.35,42,21
0.35,42,22
0.35,42,23
0.35,42,24
0.35,42,25
0.35,42,26
0.35,42,27
0.35,42,28
0.35,42,29
0.35,42,30
0.35,43,0
0.35,43,1
0.35,43,2
0.35,43,3
0.35,43,4
0.35,43,5
0.35,43,6
0.35,43,7
0.35,43,8
0.35,43,9
0.35,43,10
0.35,43,11
0.35,43,12
0.35,43,13
0.35,43,14
0.35,43,15
0.35,43,16
0.35,43,17
0.35,43,18
0.35,43,19
0.35,43,20
0.35,43,21
0.35,43,22
0.35,43,23
0.35,43,24
0.35,43,25
0.35,43,26
0.35,43,27
0.35,43,28
0.35,43,29
0.35,43,30
0.35,44,0
0.35,44,1
0.35,44,2
0.35,44,3
0.35,44,4
0.35,44,5
0.35,44,6
0.35,44,7
0.35,44,8
0.35,44,9
0.35,44,10
0.35,44,11
0.35,44,12
0.35,44,13
0.35,44,14
0.35,44,15
0.35,44,16
0.35,44,17
0.35,44,18
0.35,44,19
0.35,44,20
0.35,44,21
0.35,44,22
0.35,44,23
0.35,44,24
0.35,44,25
0.35,44,26
0.35,44,27
0.35,44,28
0.35,44,29
0.35,44,30
0.35,45,0
0.35,45,1
0.35,45,2
0.35,45,3
0.35,45,4
0.35,45,5
0.35,45,6
0.35,45,7
0.35,45,8
0.35,45,9
0.35,45,10
0.35,45,11
0.35,45,12
0.35,45,13
0.35,45,14
0.35,45,15
0.35,45,16
0.35,45,17
0.35,45,18
0.35,45,19
0.35,45,20
0.35,45,21
0.35,45,22
0.35,45,23
0.35,45,24
0.35,45,25
0.35,45,26
0.35,45,27
0.35,45,28
0.35,45,29
0.35,45,30
0.35,46,0
0.35,46,1
0.35,46,2
0.35,46,3
0.35,46,4
0.35,46,5
0.35,46,6
0.35,46,7
0.35,46,8
0.35,46,9
0.35,46,10
0.35,46,11
0.35,46,12
0.35,46,13
0.35,46,14
0.35,46,15
0.35,46,16
0.35,46,17
0.35,46,18
0.35,46,19
0.35,46,20
0.35,46,21
0.35,46,22
0.35,46,23
0.35,46,24
0.35,46,25
0.35,46,26
0.35,46,27
0.35,46,28
0.35,46,29
0.35,46,30
0.35,47,0
0.35,47,1
0.35,47,2
0.35,47,3
0.35,47,4
0.35,47,5
0.35,47,6
0.35,47,7
0.35,47,8
0.35,47,9
0.35,47,10
0.35,47,11
0.35,47,12
0.35,47,13
0.35,47,14
0.35,47,15
0.35,47,16
0.35,47,17
0.35,47,18
0.35,47,19
0.35,47,20
0.35,47,21
0.35,47,22
0.35,47,23
0.35,47,24
0.35,47,25
0.35,47,26
0.35,47,27
0.35,47,28
0.35,47,29
0.35,47,30
0.35,48,0
0.35,48,1
0.35,48,2
0.35,48,3
0.35,48,4
0.35,48,5
0.35,48,6
0.35,48,7
0.35,48,8
0.35,48,9
0.35,48,10
0.35,48,11
0.35,48,12
0.35,48,13
0.35,48,14
0.35,48,15
0.35,48,16
0.35,48,17
0.35,48,18
0.35,48,19
0.35,48,20
0.35,48,21
0.35,48,22
0.35,48,23
0.35,48,24
0.35,48,25
0.35,48,26
0.35,48,27
0.35,48,28
0.35,48,29
0.35,48,30
0.35,49,0
0.35,49,1
0.35,49,2
0.35,49,3
0.35,49,4
0.35,49,5
0.35,49,6
0.35,49,7
0.35,49,8
0.35,49,9
0.35,49,10
0.35,49,11
0.35,49,12
0.35,49,13
0.35,49,14
0.35,49,15
0.35,49,16
0.35,49,17
0.35,49,18
0.35,49,19
0.35,49,20
0.35,49,21
0.35,49,22
0.35,49,23
0.35,49,24
0.35,49,25
0.35,49,26
0.35,49,27
0.35,49,28
0.35,49,29
0.35,49,30
0.35,50,0
0.35,50,1
0.35,50,2
0.35,50,3
0.35,50,4
0.35,50,5
0.35,50,6
0.35,50,7
0.35,50,8
0.35,50,9
0.35,50,10
0.35,50,11
0.35,50,12
0.35,50,13
0.35,50,14
0.35,50,15
0.35,50,16
0.35,50,17
0.35,50,18
0.35,50,19
0.35,50,20
0.35,50,21
0.35,50,22
0.35,50,23
0.35,50,24
0.35,50,25
0.35,50,26
0.35,50,27
0.35,50,28
0.35,50,29
0.35,50,30
0.35,51,0
0.35,51,1
0.35,51,2
0.35,51,3
0.35,51,4
0.35,51,5
0.35,51,6
0.35,51,7
0.35,51,8
0.35,51,9
0.35,51,10
0.35,51,11
0.35,51,12
0.35,51,13
0.35,51,14
0.35,51,15
0.35,51,16
0.35,51,17
0.35,51,18
0.35,51,19
0.35,51,20
0.35,51,21
0.35,51,22
0.35,51,23
0.35,51,24
0.35,51,25
0.35,51,26
0.35,51,27
0.35,51,28
0.35,51,29
0.35,51,30
0.35,52,0
0.35,52,1
0.35,52,2
0.35,52,3
0.35,52,4
0.35,52,5
0.35,52,6
0.35,52,7
0.35,52,8
0.35,52,9
0.35,52,10
0.35,52,11
0.35,52,12
0.35,52,13
0.35,52,14
0.35,52,15
0.35,52,16
0.35,52,17
0.35,52,18
0.35,52,19
0.35,52,20
0.35,52,21
0.35,52,22
0.35,52,23
0.35,52,24
0.35,52,25
0.35,52,26
0.35,52,27
0.35,52,28
0.35,52,29
0.35,52,30
0.35,53,0
0.35,53,1
0.35,53,2
0.35,53,3
0.35,53,4
0.35,53,5
0.35,53,6
0.35,53,7
0.35,53,8
0.35,53,9
0.35,53,10
0.35,53,11
0.35,53,12
0.35,53,13
0.35,53,14
0.35,53,15
0.35,53,16
0.35,53,17
0.35,53,18
0.35,53,19
0.35,53,20
0.35,53,21
0.35,53,22
0.35,53,23
0.35,53,24
0.35,53,25
0.35,53,26
0.35,53,27
0.35,53,28
0.35,53,29
0.35,53,30
0.35,54,0
0.35,54,1
0.35,54,2
0.35,54,3
0.35,54,4
0.35,54,5
0.35,54,6
0.35,54,7
0.35,54,8
0.35,54,9
0.35,54,10
0.35,54,11
0.35,54,12
0.35,54,13
0.35,54,14
0.35,54,15
0.35,54,16
0.35,54,17
0.35,54,18
0.35,54,19
0.35,54,20
0.35,54,21
0.35,54,22
0.35,54,23
0.35,54,24
0.35,54,25
0.35,54,26
0.35,54,27
0.35,54,28
0.35,54,29
0.35,54,30
0.35,55,0
0.35,55,1
0.35,55,2
0.35,55,3
0.35,55,4
0.35,55,5
0.35,55,6
0.35,55,7
0.35,55,8
0.35,55,9
0.35,55,10
0.35,55,11
0.35,55,12
0.35,55,13
0.35,55,14
0.35,55,15
0.35,55,16
0.35,55,17
0.35,55,18
0.35,55,19
0.35,55,20
0.35,55,21
0.35,55,22
0.35,55,23
0.35,55,24
0.35,55,25
0.35,55,26
0.35,55,27
0.35,55,28
0.35,55,29
0.35,55,30
0.35,56,0
0.35,56,1
0.35,56,2
0.35,56,3
0.35,56,4
0.35,56,5
0.35,56,6
0.35,56,7
0.35,56,8
0.35,56,9
0.35,56,10
0.35,56,11
0.35,56,12
0.35,56,13
0.35,56,14
0.35,56,15
0.35,56,16
0.35,56,17
0.35,56,18
0.35,56,19
0.35,56,20
0.35,56,21
0.35,56,22
0.35,56,23
0.35,56,24
0.35,56,25
0.35,56,26
0.35,56,27
0.35,56,28
0.35,56,29
0.35,56,30
0.35,57,0
0.35,57,1
0.35,57,2
0.35,57,3
0.35,57,4
0.35,57,5
0.35,57,6
0.35,57,7
0.35,57,8
0.35,57,9
0.35,57,10
0.35,57,11
0.35,57,12
0.35,57,13
0.35,57,14
0.35,57,15
0.35,57,16
0.35,57,17
0.35,57,18
0.35,57,19
0.35,57,20
0.35,57,21
0.35,57,22
0.35,57,23
0.35,57,24
0.35,57,25
0.35,57,26
0.35,57,27
0.35,57,28
0.35,57,29
0.35,57,30
0.35,58,0
0.35,58,1
0.35,58,2
0.35,58,3
0.35,58,4
0.35,58,5
0.35,58,6
0.35,58,7
0.35,58,8
0.35,58,9
0.35,58,10
0.35,58,11
0.35,58,12
0.35,58,13
0.35,58,14
0.35,58,15
0.35,58,16
0.35,58,17
0.35,58,18
0.35,58,19
0.35,58,20
0.35,58,21
0.35,58,22
0.35,58,23
0.35,58,24
0.35,58,25
0.35,58,26
0.35,58,27
0.35,58,28
0.35,58,29
0.35,58,30
0.35,59,0
0.35,59,1
0.35,59,2
0.35,59,3
0.35,59,4
0.35,59,5
0.35,59,6
0.35,59,7
0.35,59,8
0.35,59,9
0.35,59,10
0.35,59,11
0.35,59,12
0.35,59,13
0.35,59,14
0.35,59,15
0.35,59,16
0.35,59,17
0.35,59,18
0.35,59,19
0.35,59,20
0.35,59,21
0.35,59,22
0.35,59,23
0.35,59,24
0.35,59,25
0.35,59,26
0.35,59,27
0.35,59,28
0.35,59,29
0.35,59,30
0.35,60,0
0.35,60,1
0.35,60,2
0.35,60,3
0.35,60,4
0.35,60,5
0.35,60,6
0.35,60,7
0.35,60,8
0.35,60,9
0.35,60,10
0.35,60,11
0.35,60,12
0.35,60,13
0.35,60,14
0.35,60,15
0.35,60,16
0.35,60,17
0.35,60,18
0.35,60,19
0.35,60,20
0.35,60,21
0.35,60,22
0.35,60,23
0.35,60,24
0.35,60,25
0.35,60,26
0.35,60,27
0.35,60,28
0.35,60,29
0.35,60,30
0.35,61,0
0.35,61,1
0.35,61,2
0.35,61,3
0.35,61,4
0.35,61,5
0.35,61,6
0.35,61,7
0.35,61,8
0.35,61,9
0.35,61,10
0.35,61,11
0.35,61,12
0.35,61,13
0.35,61,14
0.35,61,15
0.35,61,16
0.35,61,17
0.35,61,18
0.35,61,19
0.35,61,20
0.35,61,21
0.35,61,22
0.35,61,23
0.35,61,24
0.35,61,25
0.35,61,26
0.35,61,27
0.35,61,28
0.35,61,29
0.35,61,30
0.35,62,0
0.35,62,1
0.35,62,2
0.35,62,3
0.35,62,4
0.35,62,5
0.35,62,6
0.35,62,7
0.35,62,8
0.35,62,9
0.35,62,10
0.35,62,11
0.35,62,12
0.35,62,13
0.35,62,14
0.35,62,15
0.35,62,16
0.35,62,17
0.35,62,18
0.35,62,19
0.35,62,20
0.35,62,21
0.35,62,22
0.35,62,23
0.35,62,24
0.35,62,25
0.35,62,26
0.35,62,27
0.35,62,28
0.35,62,29
0.35,62,30
0.35,63,0
0.35,63,1
0.35,63,2
0.35,63,3
0.35,63,4
0.35,63,5
0.35,63,6
0.35,63,7
0.35,63,8
0.35,63,9
0.35,63,10
0.35,63,11
0.35,63,12
0.35,63,13
0.35,63,14
0.35,63,15
0.35,63,16
0.35,63,17
0.35,63,18
0.35,63,19
0.35,63,20
0.35,63,21
0.35,63,22
0.35,63,23
0.35,63,24
0.35,63,25
0.35,63,26
0.35,63,27
0.35,63,28
0.35,63,29
0.35,63,30
0.35,64,0
0.35,64,1
0.35,64,2
0.35,64,3
0.35,64,4
0.35,64,5
0.35,64,6
0.35,64,7
0.35,64,8
0.35,64,9
0.35,64,10
0.35,64,11
0.35,64,12
0.35,64,13
0.35,64,14
0.35,64,15
0.35,64,16
0.35,64,17
0.35,64,18
0.35,64,19
0.35,64,20
0.35,64,21
0.35,64,22
0.35,64,23
0.35,64,24
0.35,64,25
0.35,64,26
0.35,64,27
0.35,64,28
0.35,64,29
0.35,64,30
0.35,65,0
0.35,65,1
0.35,65,2
0.35,65,3
0.35,65,4
0.35,65,5
0.35,65,6
0.35,65,7
0.35,65,8
0.35,65,9
0.35,65,10
0.35,65,11
0.35,65,12
0.35,65,13
0.35,65,14
0.35,65,15
0.35,65,16
0.35,65,17
0.35,65,18
0.35,65,19
0.35,65,20
0.35,65,21
0.35,65,22
0.35,65,23
0.35,65,24
0.35,65,25
0.35,65,26
0.35,65,27
0.35,65,28
0.35,65,29
0.35,65,30
0.35,66,0
0.35,66,1
0.35,66,2
0.35,66,3
0.35,66,4
0.35,66,5
0.35,66,6
0.35,66,7
0.35,66,8
0.35,66,9
0.35,66,10
0.35,66,11
0.35,66,12
0.35,66,13
0.35,66,14
0.35,66,15
0.35,66,16
0.35,66,17
0.35,66,18
0.35,66,19
0.35,66,20
0.35,66,21
0.35,66,22
0.35,66,23
0.35,66,24
0.35,66,25
0.35,66,26
0.35,66,27
0.35,66,28
0.35,66,29
0.35,66,30
0.35,67,0
0.35,67,1
0.35,67,2
0.35,67,3
0.35,67,4
0.35,67,5
0.35,67,6
0.35,67,7
0.35,67,8
0.35,67,9
0.35,67,10
0.35,67,11
0.35,67,12
0.35,67,13
0.35,67,14
0.35,67,15
0.35,67,16
0.35,67,17
0.35,67,18
0.35,67,19
0.35,67,20
0.35,67,21
0.35,67,22
0.35,67,23
0.35,67,24
0.35,67,25
0.35,67,26
0.35,67,27
0.35,67,28
0.35,67,29
0.35,67,30
0.35,68,0
0.35,68,1
0.35,68,2
0.35,68,3
0.35,68,4
0.35,68,5
0.35,68,6
0.35,68,7
0.35,68,8
0.35,68,9
0.35,68,10
0.35,68,11
0.35,68,12
0.35,68,13
0.35,68,14
0.35,68,15
0.35,68,16
0.35,68,17
0.35,68,18
0.35,68,19
0.35,68,20
0.35,68,21
0.35,68,22
0.35,68,23
0.35,68,24
0.35,68,25
0.35,68,26
0.35,68,27
0.35,68,28
0.35,68,29
0.35,68,30
0.35,69,0
0.35,69,1
0.35,69,2
0.35,69,3
0.35,69,4
0.35,69,5
0.35,69,6
0.35,69,7
0.35,69,8
0.35,69,9
0.35,69,10
0.35,69,11
0.35,69,12
0.35,69,13
0.35,69,14
0.35,69,15
0.35,69,16
0.35,69,17
0.35,69,18
0.35,69,19
0.35,69,20
0.35,69,21
0.35,69,22
0.35,69,23
0.35,69,24
0.35,69,25
0.35,69,26
0.35,69,27
0.35,69,28
0.35,69,29
0.35,69,30
0.35,70,0
0.35,70,1
0.35,70,2
0.35,70,3
0.35,70,4
0.35,70,5
0.35,70,6
0.35,70,7
0.35,70,8
0.35,70,9
0.35,70,10
0.35,70,11
0.35,70,12
0.35,70,13
0.35,70,14
0.35,70,15
0.35,70,16
0.35,70,17
0.35,70,18
0.35,70,19
0.35,70,20
0.35,70,21
0.35,70,22
0.35,70,23
0.35,70,24
0.35,70,25
0.35,70,26
0.35,70,27
0.35,70,28
0.35,70,29
0.35,70,30
0.45,0,0
0.45,0,1
0.45,0,2
0.45,0,3
0.45,0,4
0.45,0,5
0.45,0,6
0.45,0,7
0.45,0,8
0.45,0,9
0.45,0,10
0.45,0,11
0.45,0,12
0.45,0,13
0.45,0,14
0.45,0,15
0.45,0,16
0.45,0,17
0.45,0,18
0.45,0,19
0.45,0,20
0.45,0,21
0.45,0,22
0.45,0,23
0.45,0,24
0.45,0,25
0.45,0,26
0.45,0,27
0.45,0,28
0.45,0,29
0.45,0,30
0.45,1,0
0.45,1,1
0.45,1,2
0.45,1,3
0.45,1,4
0.45,1,5
0.45,1,6
0.45,1,7
0.45,1,8
0.45,1,9
0.45,1,10
0.45,1,11
0.45,1,12
0.45,1,13
0.45,1,14
0.45,1,15
0.45,1,16
0.45,1,17
0.45,1,18
0.45,1,19
0.45,1,20
0.45,1,21
0.45,1,22
0.45,1,23
0.45,1,24
0.45,1,25
0.45,1,26
0.45,1,27
0.45,1,28
0.45,1,29
0.45,1,30
0.45,2,0
0.45,2,1
0.45,2,2
0.45,2,3
0.45,2,4
0.45,2,5
0.45,2,6
0.45,2,7
0.45,2,8
0.45,2,9
0.45,2,10
0.45,2,11
0.45,2,12
0.45,2,13
0.45,2,14
0.45,2,15
0.45,2,16
0.45,2,17
0.45,2,18
0.45,2,19
0.45,2,20
0.45,2,21
0.45,2,22
0.45,2,23
0.45,2,24
0.45,2,25
0.45,2,26
0.45,2,27
0.45,2,28
0.45,2,29
0.45,2,30
0.45,3,0
0.45,3,1
0.45,3,2
0.45,3,3
0.45,3,4
0.45,3,5
0.45,3,6
0.45,3,7
0.45,3,8
0.45,3,9
0.45,3,10
0.45,3,11
0.45,3,12
0.45,3,13
0.45,3,14
0.45,3,15
0.45,3,16
0.45,3,17
0.45,3,18
0.45,3,19
0.45,3,20
0.45,3,21
0.45,3,22
0.45,3,23
0.45,3,24
0.45,3,25
0.45,3,26
0.45,3,27
0.45,3,28
0.45,3,29
0.45,3,30
0.45,4,0
0.45,4,1
0.45,4,2
0.45,4,3
0.45,4,4
0.45,4,5
0.45,4,6
0.45,4,7
0.45,4,8
0.45,4,9
0.45,4,10
0.45,4,11
0.45,4,12
0.45,4,13
0.45,4,14
0.45,4,15
0.45,4,16
0.45,4,17
0.45,4,18
0.45,4,19
0.45,4,20
0.45,4,21
0.45,4,22
0.45,4,23
0.45,4,24
0.45,4,25
0.45,4,26
0.45,4,27
0.45,4,28
0.45,4,29
0.45,4,30
0.45,5,0
0.45,5,1
0.45,5,2
0.45,5,3
0.45,5,4
0.45,5,5
0.45,5,6
0.45,5,7
0.45,5,8
0.45,5,9
0.45,5,10
0.45,5,11
0.45,5,12
0.45,5,13
0.45,5,14
0.45,5,15
0.45,5,16
0.45,5,17
0.45,5,18
0.45,5,19
0.45,5,20
0.45,5,21
0.45,5,22
0.45,5,23
0.45,5,24
0.45,5,25
0.45,5,26
0.45,5,27
0.45,5,28
0.45,5,29
0.45,5,30
0.45,6,0
0.45,6,1
0.45,6,2
0.45,6,3
0.45,6,4
0.45,6,5
0.45,6,6
0.45,6,7
0.45,6,8
0.45,6,9
0.45,6,10
0.45,6,11
0.45,6,12
0.45,6,13
0.45,6,14
0.45,6,15
0.45,6,16
0.45,6,17
0.45,6,18
0.45,6,19
0.45,6,20
0.45,6,21
0.45,6,22
0.45,6,23
0.45,6,24
0.45,6,25
0.45,6,26
0.45,6,27
0.45,6,28
0.45,6,29
0.45,6,30
0.45,7,0
0.45,7,1
0.45,7,2
0.45,7,3
0.45,7,4
0.45,7,5
0.45,7,6
0.45,7,7
0.45,7,8
0.45,7,9
0.45,7,10
0.45,7,11
0.45,7,12
0.45,7,13
0.45,7,14
0.45,7,15
0.45,7,16
0.45,7,17
0.45,7,18
0.45,7,19
0.45,7,20
0.45,7,21
0.45,7,22
0.45,7,23
0.45,7,24
0.45,7,25
0.45,7,26
0.45,7,27
0.45,7,28
0.45,7,29
0.45,7,30
0.45,8,0
0.45,8,1
0.45,8,2
0.45,8,3
0.45,8,4
0.45,8,5
0.45,8,6
0.45,8,7
0.45,8,8
0.45,8,9
0.45,8,10
0.45,8,11
0.45,8,12
0.45,8,13
0.45,8,14
0.45,8,15
0.45,8,16
0.45,8,17
0.45,8,18
0.45,8,19
0.45,8,20
0.45,8,21
0.45,8,22
0.45,8,23
0.45,8,24
0.45,8,25
0.45,8,26
0.45,8,27
0.45,8,28
0.45,8,29
0.45,8,30
0.45,9,0
0.45,9,1
0.45,9,2
0.45,9,3
0.45,9,4
0.45,9,5
0.45,9,6
0.45,9,7
0.45,9,8
0.45,9,9
0.45,9,10
0.45,9,11
0.45,9,12
0.45,9,13
0.45,9,14
0.45,9,15
0.45,9,16
0.45,9,17
0.45,9,18
0.45,9,19
0.45,9,20
0.45,9,21
0.45,9,22
0.45,9,23
0.45,9,24
0.45,9,25
0.45,9,26
0.45,9,27
0.45,9,28
0.45,9,29
0.45,9,30
0.45,10,0
0.45,10,1
0.45,10,2
0.45,10,3
0.45,10,4
0.45,10,5
0.45,10,6
0.45,10,7
0.45,10,8
0.45,10,9
0.45,10,10
0.45,10,11
0.45,10,12
0.45,10,13
0.45,10,14
0.45,10,15
0.45,10,16
0.45,10,17
0.45,10,18
0.45,10,19
0.45,10,20
0.45,10,21
0.45,10,22
0.45,10,23
0.45,10,24
0.45,10,25
0.45,10,26
0.45,10,27
0.45,10,28
0.45,10,29
0.45,10,30
0.45,11,0
0.45,11,1
0.45,11,2
0.45,11,3
0.45,11,4
0.45,11,5
0.45,11,6
0.45,11,7
0.45,11,8
0.45,11,9
0.45,11,10
0.45,11,11
0.45,11,12
0.45,11,13
0.45,11,14
0.45,11,15
0.45,11,16
0.45,11,17
0.45,11,18
0.45,11,19
0.45,11,20
0.45,11,21
0.45,11,22
0.45,11,23
0.45,11,24
0.45,11,25
0.45,11,26
0.45,11,27
0.45,11,28
0.45,11,29
0.45,11,30
0.45,12,0
0.45,12,1
0.45,12,2
0.45,12,3
0.45,12,4
0.45,12,5
0.45,12,6
0.45,12,7
0.45,12,8
0.45,12,9
0.45,12,10
0.45,12,11
0.45,12,12
0.45,12,13
0.45,12,14
0.45,12,15
0.45,12,16
0.45,12,17
0.45,12,18
0.45,12,19
0.45,12,20
0.45,12,21
0.45,12,22
0.45,12,23
0.45,12,24
0.45,12,25
0.45,12,26
0.45,12,27
0.45,12,28
0.45,12,29
0.45,12,30
0.45,13,0
0.45,13,1
0.45,13,2
0.45,13,3
0.45,13,4
0.45,13,5
0.45,13,6
0.45,13,7
0.45,13,8
0.45,13,9
0.45,13,10
0.45,13,11
0.45,13,12
0.45,13,13
0.45,13,14
0.45,13,15
0.45,13,16
0.45,13,17
0.45,13,18
0.45,13,19
0.45,13,20
0.45,13,21
0.45,13,22
0.45,13,23
0.45,13,24
0.45,13,25
0.45,13,26
0.45,13,27
0.45,13,28
0.45,13,29
0.45,13,30
0.45,14,0
0.45,14,1
0.45,14,2
0.45,14,3
0.45,14,4
0.45,14,5
0.45,14,6
0.45,14,7
0.45,14,8
0.45,14,9
0.45,14,10
0.45,14,11
0.45,14,12
0.45,14,13
0.45,14,14
0.45,14,15
0.45,14,16
0.45,14,17
0.45,14,18
0.45,14,19
0.45,14,20
0.45,14,21
0.45,14,22
0.45,14,23
0.45,14,24
0.45,14,25
0.45,14,26
0.45,14,27
0.45,14,28
0.45,14,29
0.45,14,30
0.45,15,0
0.45,15,1
0.45,15,2
0.45,15,3
0.45,15,4
0.45,15,5
0.45,15,6
0.45,15,7
0.45,15,8
0.45,15,9
0.45,15,10
0.45,15,11
0.45,15,12
0.45,15,13
0.45,15,14
0.45,15,15
0.45,15,16
0.45,15,17
0.45,15,18
0.45,15,19
0.45,15,20
0.45,15,21
0.45,15,22
0.45,15,23
0.45,15,24
0.45,15,25
0.45,15,26
0.45,15,27
0.45,15,28
0.45,15,29
0.45,15,30
0.45,16,0
0.45,16,1
0.45,16,2
0.45,16,3
0.45,16,4
0.45,16,5
0.45,16,6
0.45,16,7
0.45,16,8
0.45,16,9
0.45,16,10
0.45,16,11
0.45,16,12
0.45,16,13
0.45,16,14
0.45,16,15
0.45,16,16
0.45,16,17
0.45,16,18
0.45,16,19
0.45,16,20
0.45,16,21
0.45,16,22
0.45,16,23
0.45,16,24
0.45,16,25
0.45,16,26
0.45,16,27
0.45,16,28
0.45,16,29
0.45,16,30
0.45,17,0
0.45,17,1
0.45,17,2
0.45,17,3
0.45,17,4
0.45,17,5
0.45,17,6
0.45,17,7
0.45,17,8
0.45,17,9
0.45,17,10
0.45,17,11
0.45,17,12
0.45,17,13
0.45,17,14
0.45,17,15
0.45,17,16
0.45,17,17
0.45,17,18
0.45,17,19
0.45,17,20
0.45,17,21
0.45,17,22
0.45,17,23
0.45,17,24
0.45,17,25
0.45,17,26
0.45,17,27
0.45,17,28
0.45,17,29
0.45,17,30
0.45,18,0
0.45,18,1
0.45,18,2
0.45,18,3
0.45,18,4
0.45,18,5
0.45,18,6
0.45,18,7
0.45,18,8
0.45,18,9
0.45,18,10
0.45,18,11
0.45,18,12
0.45,18,13
0.45,18,14
0.45,18,15
0.45,18,16
0.45,18,17
0.45,18,18
0.45,18,19
0.45,18,20
0.45,18,21
0.45,18,22
0.45,18,23
0.45,18,24
0.45,18,25
0.45,18,26
0.45,18,27
0.45,18,28
0.45,18,29
0.45,18,30
0.45,19,0
0.45,19,1
0.45,19,2
0.45,19,3
0.45,19,4
0.45,19,5
0.45,19,6
0.45,19,7
0.45,19,8
0.45,19,9
0.45,19,10
0.45,19,11
0.45,19,12
0.45,19,13
0.45,19,14
0.45,19,15
0.45,19,16
0.45,19,17
0.45,19,18
0.45,19,19
0.45,19,20
0.45,19,21
0.45,19,22
0.45,19,23
0.45,19,24
0.45,19,25
0.45,19,26
0.45,19,27
0.45,19,28
0.45,19,29
0.45,19,30
0.45,20,0
0.45,20,1
0.45,20,2
0.45,20,3
0.45,20,4
0.45,20,5
0.45,20,6
0.45,20,7
0.45,20,8
0.45,20,9
0.45,20,10
0.45,20,11
0.45,20,12
0.45,20,13
0.45,20,14
0.45,20,15
0.45,20,16
0.45,20,17
0.45,20,18
0.45,20,19
0.45,20,20
0.45,20,21
0.45,20,22
0.45,20,23
0.45,20,24
0.45,20,25
0.45,20,26
0.45,20,27
0.45,20,28
0.45,20,29
0.45,20,30
0.45,21,0
0.45,21,1
0.45,21,2
0.45,21,3
0.45,21,4
0.45,21,5
0.45,21,6
0.45,21,7
0.45,21,8
0.45,21,9
0.45,21,10
0.45,21,11
0.45,21,12
0.45,21,13
0.45,21,14
0.45,21,15
0.45,21,16
0.45,21,17
0.45,21,18
0.45,21,19
0.45,21,20
0.45,21,21
0.45,21,22
0.45,21,23
0.45,21,24
0.45,21,25
0.45,21,26
0.45,21,27
0.45,21,28
0.45,21,29
0.45,21,30
0.45,22,0
0.45,22,1
0.45,22,2
0.45,22,3
0.45,22,4
0.45,22,5
0.45,22,6
0.45,22,7
0.45,22,8
0.45,22,9
0.45,22,10
0.45,22,11
0.45,22,12
0.45,22,13
0.45,22,14
0.45,22,15
0.45,22,16
0.45,22,17
0.45,22,18
0.45,22,19
0.45,22,20
0.45,22,21
0.45,22,22
0.45,22,23
0.45,22,24
0.45,22,25
0.45,22,26
0.45,22,27
0.45,22,28
0.45,22,29
0.45,22,30
0.45,23,0
0.45,23,1
0.45,23,2
0.45,23,3
0.45,23,4
0.45,23,5
0.45,23,6
0.45,23,7
0.45,23,8
0.45,23,9
0.45,23,10
0.45,23,11
0.45,23,12
0.45,23,13
0.45,23,14
0.45,23,15
0.45,23,16
0.45,23,17
0.45,23,18
0.45,23,19
0.45,23,20
0.45,23,21
0.45,23,22
0.45,23,23
0.45,23,24
0.45,23,25
0.45,23,26
0.45,23,27
0.45,23,28
0.45,23,29
0.45,23,30
0.45,24,0
0.45,24,1
0.45,24,2
0.45,24,3
0.45,24,4
0.45,24,5
0.45,24,6
0.45,24,7
0.45,24,8
0.45,24,9
0.45,24,10
0.45,24,11
0.45,24,12
0.45,24,13
0.45,24,14
0.45,24,15
0.45,24,16
0.45,24,17
0.45,24,18
0.45,24,19
0.45,24,20
0.45,24,21
0.45,24,22
0.45,24,23
0.45,24,24
0.45,24,25
0.45,24,26
0.45,24,27
0.45,24,28
0.45,24,29
0.45,24,30
0.45,25,0
0.45,25,1
0.45,25,2
0.45,25,3
0.45,25,4
0.45,25,5
0.45,25,6
0.45,25,7
0.45,25,8
0.45,25,9
0.45,25,10
0.45,25,11
0.45,25,12
0.45,25,13
0.45,25,14
0.45,25,15
0.45,25,16
0.45,25,17
0.45,25,18
0.45,25,19
0.45,25,20
0.45,25,21
0.45,25,22
0.45,25,23
0.45,25,24
0.45,25,25
0.45,25,26
0.45,25,27
0.45,25,28
0.45,25,29
0.45,25,30
0.45,26,0
0.45,26,1
0.45,26,2
0.45,26,3
0.45,26,4
0.45,26,5
0.45,26,6
0.45,26,7
0.45,26,8
0.45,26,9
0.45,26,10
0.45,26,11
0.45,26,12
0.45,26,13
0.45,26,14
0.45,26,15
0.45,26,16
0.45,26,17
0.45,26,18
0.45,26,19
0.45,26,20
0.45,26,21
0.45,26,22
0.45,26,23
0.45,26,24
0.45,26,25
0.45,26,26
0.45,26,27
0.45,26,28
0.45,26,29
0.45,26,30
0.45,27,0
0.45,27,1
0.45,27,2
0.45,27,3
0.45,27,4
0.45,27,5
0.45,27,6
0.45,27,7
0.45,27,8
0.45,27,9
0.45,27,10
0.45,27,11
0.45,27,12
0.45,27,13
0.45,27,14
0.45,27,15
0.45,27,16
0.45,27,17
0.45,27,18
0.45,27,19
0.45,27,20
0.45,27,21
0.45,27,22
0.45,27,23
0.45,27,24
0.45,27,25
0.45,27,26
0.45,27,27
0.45,27,28
0.45,27,29
0.45,27,30
0.45,28,0
0.45,28,1
0.45,28,2
0.45,28,3
0.45,28,4
0.45,28,5
0.45,28,6
0.45,28,7
0.45,28,8
0.45,28,9
0.45,28,10
0.45,28,11
0.45,28,12
0.45,28,13
0.45,28,14
0.45,28,15
0.45,28,16
0.45,28,17
0.45,28,18
0.45,28,19
0.45,28,20
0.45,28,21
0.45,28,22
0.45,28,23
0.45,28,24
0.45,28,25
0.45,28,26
0.45,28,27
0.45,28,28
0.45,28,29
0.45,28,30
0.45,29,0
0.45,29,1
0.45,29,2
0.45,29,3
0.45,29,4
0.45,29,5
0.45,29,6
0.45,29,7
0.45,29,8
0.45,29,9
0.45,29,10
0.45,29,11
0.45,29,12
0.45,29,13
0.45,29,14
0.45,29,15
0.45,29,16
0.45,29,17
0.45,29,18
0.45,29,19
0.45,29,20
0.45,29,21
0.45,29,22
0.45,29,23
0.45,29,24
0.45,29,25
0.45,29,26
0.45,29,27
0.45,29,28
0.45,29,29
0.45,29,30
0.45,30,0
0.45,30,1
0.45,30,2
0.45,30,3
0.45,30,4
0.45,30,5
0.45,30,6
0.45,30,7
0.45,30,8
0.45,30,9
0.45,30,10
0.45,30,11
0.45,30,12
0.45,30,13
0.45,30,14
0.45,30,15
0.45,30,16
0.45,30,17
0.45,30,18
0.45,30,19
0.45,30,20
0.45,30,21
0.45,30,22
0.45,30,23
0.45,30,24
0.45,30,25
0.45,30,26
0.45,30,27
0.45,30,28
0.45,30,29
0.45,30,30
0.45,31,0
0.45,31,1
0.45,31,2
0.45,31,3
0.45,31,4
0.45,31,5
0.45,31,6
0.45,31,7
0.45,31,8
0.45,31,9
0.45,31,10
0.45,31,11
0.45,31,12
0.45,31,13
0.45,31,14
0.45,31,15
0.45,31,16
0.45,31,17
0.45,31,18
0.45,31,19
0.45,31,20
0.45,31,21
0.45,31,22
0.45,31,23
0.45,31,24
0.45,31,25
0.45,31,26
0.45,31,27
0.45,31,28
0.45,31,29
0.45,31,30
0.45,32,0
0.45,32,1
0.45,32,2
0.45,32,3
0.45,32,4
0.45,32,5
0.45,32,6
0.45,32,7
0.45,32,8
0.45,32,9
0.45,32,10
0.45,32,11
0.45,32,12
0.45,32,13
0.45,32,14
0.45,32,15
0.45,32,16
0.45,32,17
0.45,32,18
0.45,32,19
0.45,32,20
0.45,32,21
0.45,32,22
0.45,32,23
0.45,32,24
0.45,32,25
0.45,32,26
0.45,32,27
0.45,32,28
0.45,32,29
0.45,32,30
0.45,33,0
0.45,33,1
0.45,33,2
0.45,33,3
0.45,33,4
0.45,33,5
0.45,33,6
0.45,33,7
0.45,33,8
0.45,33,9
0.45,33,10
0.45,33,11
0.45,33,12
0.45,33,13
0.45,33,14
0.45,33,15
0.45,33,16
0.45,33,17
0.45,33,18
0.45,33,19
0.45,33,20
0.45,33,21
0.45,33,22
0.45,33,23
0.45,33,24
0.45,33,25
0.45,33,26
0.45,33,27
0.45,33,28
0.45,33,29
0.45,33,30
0.45,34,0
0.45,34,1
0.45,34,2
0.45,34,3
0.45,34,4
0.45,34,5
0.45,34,6
0.45,34,7
0.45,34,8
0.45,34,9
0.45,34,10
0.45,34,11
0.45,34,12
0.45,34,13
0.45,34,14
0.45,34,15
0.45,34,16
0.45,34,17
0.45,34,18
0.45,34,19
0.45,34,20
0.45,34,21
0.45,34,22
0.45,34,23
0.45,34,24
0.45,34,25
0.45,34,26
0.45,34,27
0.45,34,28
0.45,34,29
0.45,34,30
0.45,35,0
0.45,35,1
0.45,35,2
0.45,35,3
0.45,35,4
0.45,35,5
0.45,35,6
0.45,35,7
0.45,35,8
0.45,35,9
0.45,35,10
0.45,35,11
0.45,35,12
0.45,35,13
0.45,35,14
0.45,35,15
0.45,35,16
0.45,35,17
0.45,35,18
0.45,35,19
0.45,35,20
0.45,35,21
0.45,35,22
0.45,35,23
0.45,35,24
0.45,35,25
0.45,35,26
0.45,35,27
0.45,35,28
0.45,35,29
0.45,35,30
0.45,36,0
0.45,36,1
0.45,36,2
0.45,36,3
0.45,36,4
0.45,36,5
0.45,36,6
0.45,36,7
0.45,36,8
0.45,36,9
0.45,36,10
0.45,36,11
0.45,36,12
0.45,36,13
0.45,36,14
0.45,36,15
0.45,36,16
0.45,36,17
0.45,36,18
0.45,36,19
0.45,36,20
0.45,36,21
0.45,36,22
0.45,36,23
0.45,36,24
0.45,36,25
0.45,36,26
0.45,36,27
0.45,36,28
0.45,36,29
0.45,36,30
0.45,37,0
0.45,37,1
0.45,37,2
0.45,37,3
0.45,37,4
0.45,37,5
0.45,37,6
0.45,37,7
0.45,37,8
0.45,37,9
0.45,37,10
0.45,37,11
0.45,37,12
0.45,37,13
0.45,37,14
0.45,37,15
0.45,37,16
0.45,37,17
0.45,37,18
0.45,37,19
0.45,37,20
0.45,37,21
0.45,37,22
0.45,37,23
0.45,37,24
0.45,37,25
0.45,37,26
0.45,37,27
0.45,37,28
0.45,37,29
0.45,37,30
0.45,38,0
0.45,38,1
0.45,38,2
0.45,38,3
0.45,38,4
0.45,38,5
0.45,38,6
0.45,38,7
0.45,38,8
0.45,38,9
0.45,38,10
0.45,38,11
0.45,38,12
0.45,38,13
0.45,38,14
0.45,38,15
0.45,38,16
0.45,38,17
0.45,38,18
0.45,38,19
0.45,38,20
0.45,38,21
0.45,38,22
0.45,38,23
0.45,38,24
0.45,38,25
0.45,38,26
0.45,38,27
0.45,38,28
0.45,38,29
0.45,38,30
0.45,39,0
0.45,39,1
0.45,39,2
0.45,39,3
0.45,39,4
0.45,39,5
0.45,39,6
0.45,39,7
0.45,39,8
0.45,39,9
0.45,39,10
0.45,39,11
0.45,39,12
0.45,39,13
0.45,39,14
0.45,39,15
0.45,39,16
0.45,39,17
0.45,39,18
0.45,39,19
0.45,39,20
0.45,39,21
0.45,39,22
0.45,39,23
0.45,39,24
0.45,39,25
0.45,39,26
0.45,39,27
0.45,39,28
0.45,39,29
0.45,39,30
0.45,40,0
0.45,40,1
0.45,40,2
0.45,40,3
0.45,40,4
0.45,40,5
0.45,40,6
0.45,40,7
0.45,40,8
0.45,40,9
0.45,40,10
0.45,40,11
0.45,40,12
0.45,40,13
0.45,40,14
0.45,40,15
0.45,40,16
0.45,40,17
0.45,40,18
0.45,40,19
0.45,40,20
0.45,40,21
0.45,40,22
0.45,40,23
0.45,40,24
0.45,40,25
0.45,40,26
0.45,40,27
0.45,40,28
0.45,40,29
0.45,40,30
0.45,41,0
0.45,41,1
0.45,41,2
0.45,41,3
0.45,41,4
0.45,41,5
0.45,41,6
0.45,41,7
0.45,41,8
0.45,41,9
0.45,41,10
0.45,41,11
0.45,41,12
0.45,41,13
0.45,41,14
0.45,41,15
0.45,41,16
0.45,41,17
0.45,41,18
0.45,41,19
0.45,41,20
0.45,41,21
0.45,41,22
0.45,41,23
0.45,41,24
0.45,41,25
0.45,41,26
0.45,41,27
0.45,41,28
0.45,41,29
0.45,41,30
0.45,42,0
0.45,42,1
0.45,42,2
0.45,42,3
0.45,42,4
0.45,42,5
0.45,42,6
0.45,42,7
0.45,42,8
0.45,42,9
0.45,42,10
0.45,42,11
0.45,42,12
0.45,42,13
0.45,42,14
0.45,42,15
0.45,42,16
0.45,42,17
0.45,42,18
0.45,42,19
0.45,42,20
0.45,42,21
0.45,42,22
0.45,42,23
0.45,42,24
0.45,42,25
0.45,42,26
0.45,42,27
0.45,42,28
0.45,42,29
0.45,42,30
0.45,43,0
0.45,43,1
0.45,43,2
0.45,43,3
0.45,43,4
0.45,43,5
0.45,43,6
0.45,43,7
0.45,43,8
0.45,43,9
0.45,43,10
0.45,43,11
0.45,43,12
0.45,43,13
0.45,43,14
0.45,43,15
0.45,43,16
0.45,43,17
0.45,43,18
0.45,43,19
0.45,43,20
0.45,43,21
0.45,43,22
0.45,43,23
0.45,43,24
0.45,43,25
0.45,43,26
0.45,43,27
0.45,43,28
0.45,43,29
0.45,43,30
0.45,44,0
0.45,44,1
0.45,44,2
0.45,44,3
0.45,44,4
0.45,44,5
0.45,44,6
0.45,44,7
0.45,44,8
0.45,44,9
0.45,44,10
0.45,44,11
0.45,44,12
0.45,44,13
0.45,44,14
0.45,44,15
0.45,44,16
0.45,44,17
0.45,44,18
0.45,44,19
0.45,44,20
0.45,44,21
0.45,44,22
0.45,44,23
0.45,44,24
0.45,44,25
0.45,44,26
0.45,44,27
0.45,44,28
0.45,44,29
0.45,44,30
0.45,45,0
0.45,45,1
0.45,45,2
0.45,45,3
0.45,45,4
0.45,45,5
0.45,45,6
0.45,45,7
0.45,45,8
0.45,45,9
0.45,45,10
0.45,45,11
0.45,45,12
0.45,45,13
0.45,45,14
0.45,45,15
0.45,45,16
0.45,45,17
0.45,45,18
0.45,45,19
0.45,45,20
0.45,45,21
0.45,45,22
0.45,45,23
0.45,45,24
0.45,45,25
0.45,45,26
0.45,45,27
0.45,45,28
0.45,45,29
0.45,45,30
0.45,46,0
0.45,46,1
0.45,46,2
0.45,46,3
0.45,46,4
0.45,46,5
0.45,46,6
0.45,46,7
0.45,46,8
0.45,46,9
0.45,46,10
0.45,46,11
0.45,46,12
0.45,46,13
0.45,46,14
0.45,46,15
0.45,46,16
0.45,46,17
0.45,46,18
0.45,46,19
0.45,46,20
0.45,46,21
0.45,46,22
0.45,46,23
0.45,46,24
0.45,46,25
0.45,46,26
0.45,46,27
0.45,46,28
0.45,46,29
0.45,46,30
0.45,47,0
0.45,47,1
0.45,47,2
0.45,47,3
0.45,47,4
0.45,47,5
0.45,47,6
0.45,47,7
0.45,47,8
0.45,47,9
0.45,47,10
0.45,47,11
0.45,47,12
0.45,47,13
0.45,47,14
0.45,47,15
0.45,47,16
0.45,47,17
0.45,47,18
0.45,47,19
0.45,47,20
0.45,47,21
0.45,47,22
0.45,47,23
0.45,47,24
0.45,47,25
0.45,47,26
0.45,47,27
0.45,47,28
0.45,47,29
0.45,47,30
0.45,48,0
0.45,48,1
0.45,48,2
0.45,48,3
0.45,48,4
0.45,48,5
0.45,48,6
0.45,48,7
0.45,48,8
0.45,48,9
0.45,48,10
0.45,48,11
0.45,48,12
0.45,48,13
0.45,48,14
0.45,48,15
0.45,48,16
0.45,48,17
0.45,48,18
0.45,48,19
0.45,48,20
0.45,48,21
0.45,48,22
0.45,48,23
0.45,48,24
0.45,48,25
0.45,48,26
0.45,48,27
0.45,48,28
0.45,48,29
0.45,48,30
0.45,49,0
0.45,49,1
0.45,49,2
0.45,49,3
0.45,49,4
0.45,49,5
0.45,49,6
0.45,49,7
0.45,49,8
0.45,49,9
0.45,49,10
0.45,49,11
0.45,49,12
0.45,49,13
0.45,49,14
0.45,49,15
0.45,49,16
0.45,49,17
0.45,49,18
0.45,49,19
0.45,49,20
0.45,49,21
0.45,49,22
0.45,49,23
0.45,49,24
0.45,49,25
0.45,49,26
0.45,49,27
0.45,49,28
0.45,49,29
0.45,49,30
0.45,50,0
0.45,50,1
0.45,50,2
0.45,50,3
0.45,50,4
0.45,50,5
0.45,50,6
0.45,50,7
0.45,50,8
0.45,50,9
0.45,50,10
0.45,50,11
0.45,50,12
0.45,50,13
0.45,50,14
0.45,50,15
0.45,50,16
0.45,50,17
0.45,50,18
0.45,50,19
0.45,50,20
0.45,50,21
0.45,50,22
0.45,50,23
0.45,50,24
0.45,50,25
0.45,50,26
0.45,50,27
0.45,50,28
0.45,50,29
0.45,50,30
0.45,51,0
0.45,51,1
0.45,51,2
0.45,51,3
0.45,51,4
0.45,51,5
0.45,51,6
0.45,51,7
0.45,51,8
0.45,51,9
0.45,51,10
0.45,51,11
0.45,51,12
0.45,51,13
0.45,51,14
0.45,51,15
0.45,51,16
0.45,51,17
0.45,51,18
0.45,51,19
0.45,51,20
0.45,51,21
0.45,51,22
0.45,51,23
0.45,51,24
0.45,51,25
0.45,51,26
0.45,51,27
0.45,51,28
0.45,51,29
0.45,51,30
0.45,52,0
0.45,52,1
0.45,52,2
0.45,52,3
0.45,52,4
0.45,52,5
0.45,52,6
0.45,52,7
0.45,52,8
0.45,52,9
0.45,52,10
0.45,52,11
0.45,52,12
0.45,52,13
0.45,52,14
0.45,52,15
0.45,52,16
0.45,52,17
0.45,52,18
0.45,52,19
0.45,52,20
0.45,52,21
0.45,52,22
0.45,52,23
0.45,52,24
0.45,52,25
0.45,52,26
0.45,52,27
0.45,52,28
0.45,52,29
0.45,52,30
0.45,53,0
0.45,53,1
0.45,53,2
0.45,53,3
0.45,53,4
0.45,53,5
0.45,53,6
0.45,53,7
0.45,53,8
0.45,53,9
0.45,53,10
0.45,53,11
0.45,53,12
0.45,53,13
0.45,53,14
0.45,53,15
0.45,53,16
0.45,53,17
0.45,53,18
0.45,53,19
0.45,53,20
0.45,53,21
0.45,53,22
0.45,53,23
0.45,53,24
0.45,53,25
0.45,53,26
0.45,53,27
0.45,53,28
0.45,53,29
0.45,53,30
0.45,54,0
0.45,54,1
0.45,54,2
0.45,54,3
0.45,54,4
0.45,54,5
0.45,54,6
0.45,54,7
0.45,54,8
0.45,54,9
0.45,54,10
0.45,54,11
0.45,54,12
0.45,54,13
0.45,54,14
0.45,54,15
0.45,54,16
0.45,54,17
0.45,54,18
0.45,54,19
0.45,54,20
0.45,54,21
0.45,54,22
0.45,54,23
0.45,54,24
0.45,54,25
0.45,54,26
0.45,54,27
0.45,54,28
0.45,54,29
0.45,54,30
0.45,55,0
0.45,55,1
0.45,55,2
0.45,55,3
0.45,55,4
0.45,55,5
0.45,55,6
0.45,55,7
0.45,55,8
0.45,55,9
0.45,55,10
0.45,55,11
0.45,55,12
0.45,55,13
0.45,55,14
0.45,55,15
0.45,55,16
0.45,55,17
0.45,55,18
0.45,55,19
0.45,55,20
0.45,55,21
0.45,55,22
0.45,55,23
0.45,55,24
0.45,55,25
0.45,55,26
0.45,55,27
0.45,55,28
0.45,55,29
0.45,55,30
0.45,56,0
0.45,56,1
0.45,56,2
0.45,56,3
0.45,56,4
0.45,56,5
0.45,56,6
0.45,56,7
0.45,56,8
0.45,56,9
0.45,56,10
0.45,56,11
0.45,56,12
0.45,56,13
0.45,56,14
0.45,56,15
0.45,56,16
0.45,56,17
0.45,56,18
0.45,56,19
0.45,56,20
0.45,56,21
0.45,56,22
0.45,56,23
0.45,56,24
0.45,56,25
0.45,56,26
0.45,56,27
0.45,56,28
0.45,56,29
0.45,56,30
0.45,57,0
0.45,57,1
0.45,57,2
0.45,57,3
0.45,57,4
0.45,57,5
0.45,57,6
0.45,57,7
0.45,57,8
0.45,57,9
0.45,57,10
0.45,57,11
0.45,57,12
0.45,57,13
0.45,57,14
0.45,57,15
0.45,57,16
0.45,57,17
0.45,57,18
0.45,57,19
0.45,57,20
0.45,57,21
0.45,57,22
0.45,57,23
0.45,57,24
0.45,57,25
0.45,57,26
0.45,57,27
0.45,57,28
0.45,57,29
0.45,57,30
0.45,58,0
0.45,58,1
0.45,58,2
0.45,58,3
0.45,58,4
0.45,58,5
0.45,58,6
0.45,58,7
0.45,58,8
0.45,58,9
0.45,58,10
0.45,58,11
0.45,58,12
0.45,58,13
0.45,58,14
0.45,58,15
0.45,58,16
0.45,58,17
0.45,58,18
0.45,58,19
0.45,58,20
0.45,58,21
0.45,58,22
0.45,58,23
0.45,58,24
0.45,58,25
0.45,58,26
0.45,58,27
0.45,58,28
0.45,58,29
0.45,58,30
0.45,59,0
0.45,59,1
0.45,59,2
0.45,59,3
0.45,59,4
0.45,59,5
0.45,59,6
0.45,59,7
0.45,59,8
0.45,59,9
0.45,59,10
0.45,59,11
0.45,59,12
0.45,59,13
0.45,59,14
0.45,59,15
0.45,59,16
0.45,59,17
0.45,59,18
0.45,59,19
0.45,59,20
0.45,59,21
0.45,59,22
0.45,59,23
0.45,59,24
0.45,59,25
0.45,59,26
0.45,59,27
0.45,59,28
0.45,59,29
0.45,59,30
0.45,60,0
0.45,60,1
0.45,60,2
0.45,60,3
0.45,60,4
0.45,60,5
0.45,60,6
0.45,60,7
0.45,60,8
0.45,60,9
0.45,60,10
0.45,60,11
0.45,60,12
0.45,60,13
0.45,60,14
0.45,60,15
0.45,60,16
0.45,60,17
0.45,60,18
0.45,60,19
0.45,60,20
0.45,60,21
0.45,60,22
0.45,60,23
0.45,60,24
0.45,60,25
0.45,60,26
0.45,60,27
0.45,60,28
0.45,60,29
0.45,60,30
0.45,61,0
0.45,61,1
0.45,61,2
0.45,61,3
0.45,61,4
0.45,61,5
0.45,61,6
0.45,61,7
0.45,61,8
0.45,61,9
0.45,61,10
0.45,61,11
0.45,61,12
0.45,61,13
0.45,61,14
0.45,61,15
0.45,61,16
0.45,61,17
0.45,61,18
0.45,61,19
0.45,61,20
0.45,61,21
0.45,61,22
0.45,61,23
0.45,61,24
0.45,61,25
0.45,61,26
0.45,61,27
0.45,61,28
0.45,61,29
0.45,61,30
0.45,62,0
0.45,62,1
0.45,62,2
0.45,62,3
0.45,62,4
0.45,62,5
0.45,62,6
0.45,62,7
0.45,62,8
0.45,62,9
0.45,62,10
0.45,62,11
0.45,62,12
0.45,62,13
0.45,62,14
0.45,62,15
0.45,62,16
0.45,62,17
0.45,62,18
0.45,62,19
0.45,62,20
0.45,62,21
0.45,62,22
0.45,62,23
0.45,62,24
0.45,62,25
0.45,62,26
0.45,62,27
0.45,62,28
0.45,62,29
0.45,62,30
0.45,63,0
0.45,63,1
0.45,63,2
0.45,63,3
0.45,63,4
0.45,63,5
0.45,63,6
0.45,63,7
0.45,63,8
0.45,63,9
0.45,63,10
0.45,63,11
0.45,63,12
0.45,63,13
0.45,63,14
0.45,63,15
0.45,63,16
0.45,63,17
0.45,63,18
0.45,63,19
0.45,63,20
0.45,63,21
0.45,63,22
0.45,63,23
0.45,63,24
0.45,63,25
0.45,63,26
0.45,63,27
0.45,63,28
0.45,63,29
0.45,63,30
0.45,64,0
0.45,64,1
0.45,64,2
0.45,64,3
0.45,64,4
0.45,64,5
0.45,64,6
0.45,64,7
0.45,64,8
0.45,64,9
0.45,64,10
0.45,64,11
0.45,64,12
0.45,64,13
0.45,64,14
0.45,64,15
0.45,64,16
0.45,64,17
0.45,64,18
0.45,64,19
0.45,64,20
0.45,64,21
0.45,64,22
0.45,64,23
0.45,64,24
0.45,64,25
0.45,64,26
0.45,64,27
0.45,64,28
0.45,64,29
0.45,64,30
0.45,65,0
0.45,65,1
0.45,65,2
0.45,65,3
0.45,65,4
0.45,65,5
0.45,65,6
0.45,65,7
0.45,65,8
0.45,65,9
0.45,65,10
0.45,65,11
0.45,65,12
0.45,65,13
0.45,65,14
0.45,65,15
0.45,65,16
0.45,65,17
0.45,65,18
0.45,65,19
0.45,65,20
0.45,65,21
0.45,65,22
0.45,65,23
0.45,65,24
0.45,65,25
0.45,65,26
0.45,65,27
0.45,65,28
0.45,65,29
0.45,65,30
0.45,66,0
0.45,66,1
0.45,66,2
0.45,66,3
0.45,66,4
0.45,66,5
0.45,66,6
0.45,66,7
0.45,66,8
0.45,66,9
0.45,66,10
0.45,66,11
0.45,66,12
0.45,66,13
0.45,66,14
0.45,66,15
0.45,66,16
0.45,66,17
0.45,66,18
0.45,66,19
0.45,66,20
0.45,66,21
0.45,66,22
0.45,66,23
0.45,66,24
0.45,66,25
0.45,66,26
0.45,66,27
0.45,66,28
0.45,66,29
0.45,66,30
0.45,67,0
0.45,67,1
0.45,67,2
0.45,67,3
0.45,67,4
0.45,67,5
0.45,67,6
0.45,67,7
0.45,67,8
0.45,67,9
0.45,67,10
0.45,67,11
0.45,67,12
0.45,67,13
0.45,67,14
0.45,67,15
0.45,67,16
0.45,67,17
0.45,67,18
0.45,67,19
0.45,67,20
0.45,67,21
0.45,67,22
0.45,67,23
0.45,67,24
0.45,67,25
0.45,67,26
0.45,67,27
0.45,67,28
0.45,67,29
0.45,67,30
0.45,68,0
0.45,68,1
0.45,68,2
0.45,68,3
0.45,68,4
0.45,68,5
0.45,68,6
0.45,68,7
0.45,68,8
0.45,68,9
0.45,68,10
0.45,68,11
0.45,68,12
0.45,68,13
0.45,68,14
0.45,68,15
0.45,68,16
0.45,68,17
0.45,68,18
0.45,68,19
0.45,68,20
0.45,68,21
0.45,68,22
0.45,68,23
0.45,68,24
0.45,68,25
0.45,68,26
0.45,68,27
0.45,68,28
0.45,68,29
0.45,68,30
0.45,69,0
0.45,69,1
0.45,69,2
0.45,69,3
0.45,69,4
0.45,69,5
0.45,69,6
0.45,69,7
0.45,69,8
0.45,69,9
0.45,69,10
0.45,69,11
0.45,69,12
0.45,69,13
0.45,69,14
0.45,69,15
0.45,69,16
0.45,69,17
0.45,69,18
0.45,69,19
0.45,69,20
0.45,69,21
0.45,69,22
0.45,69,23
0.45,69,24
0.45,69,25
0.45,69,26
0.45,69,27
0.45,69,28
0.45,69,29
0.45,69,30
0.45,70,0
0.45,70,1
0.45,70,2
0.45,70,3
0.45,70,4
0.45,70,5
0.45,70,6
0.45,70,7
0.45,70,8
0.45,70,9
0.45,70,10
0.45,70,11
0.45,70,12
0.45,70,13
0.45,70,14
0.45,70,15
0.45,70,16
0.45,70,17
0.45,70,18
0.45,70,19
0.45,70,20
0.45,70,21
0.45,70,22
0.45,70,23
0.45,70,24
0.45,70,25
0.45,70,26
0.45,70,27
0.45,70,28
0.45,70,29
0.45,70,30
0.55,0,0
0.55,0,1
0.55,0,2
0.55,0,3
0.55,0,4
0.55,0,5
0.55,0,6
0.55,0,7
0.55,0,8
0.55,0,9
0.55,0,10
0.55,0,11
0.55,0,12
0.55,0,13
0.55,0,14
0.55,0,15
0.55,0,16
0.55,0,17
0.55,0,18
0.55,0,19
0.55,0,20
0.55,0,21
0.55,0,22
0.55,0,23
0.55,0,24
0.55,0,25
0.55,0,26
0.55,0,27
0.55,0,28
0.55,0,29
0.55,0,30
0.55,1,0
0.55,1,1
0.55,1,2
0.55,1,3
0.55,1,4
0.55,1,5
0.55,1,6
0.55,1,7
0.55,1,8
0.55,1,9
0.55,1,10
0.55,1,11
0.55,1,12
0.55,1,13
0.55,1,14
0.55,1,15
0.55,1,16
0.55,1,17
0.55,1,18
0.55,1,19
0.55,1,20
0.55,1,21
0.55,1,22
0.55,1,23
0.55,1,24
0.55,1,25
0.55,1,26
0.55,1,27
0.55,1,28
0.55,1,29
0.55,1,30
0.55,2,0
0.55,2,1
0.55,2,2
0.55,2,3
0.55,2,4
0.55,2,5
0.55,2,6
0.55,2,7
0.55,2,8
0.55,2,9
0.55,2,10
0.55,2,11
0.55,2,12
0.55,2,13
0.55,2,14
0.55,2,15
0.55,2,16
0.55,2,17
0.55,2,18
0.55,2,19
0.55,2,20
0.55,2,21
0.55,2,22
0.55,2,23
0.55,2,24
0.55,2,25
0.55,2,26
0.55,2,27
0.55,2,28
0.55,2,29
0.55,2,30
0.55,3,0
0.55,3,1
0.55,3,2
0.55,3,3
0.55,3,4
0.55,3,5
0.55,3,6
0.55,3,7
0.55,3,8
0.55,3,9
0.55,3,10
0.55,3,11
0.55,3,12
0.55,3,13
0.55,3,14
0.55,3,15
0.55,3,16
0.55,3,17
0.55,3,18
0.55,3,19
0.55,3,20
0.55,3,21
0.55,3,22
0.55,3,23
0.55,3,24
0.55,3,25
0.55,3,26
0.55,3,27
0.55,3,28
0.55,3,29
0.55,3,30
0.55,4,0
0.55,4,1
0.55,4,2
0.55,4,3
0.55,4,4
0.55,4,5
0.55,4,6
0.55,4,7
0.55,4,8
0.55,4,9
0.55,4,10
0.55,4,11
0.55,4,12
0.55,4,13
0.55,4,14
0.55,4,15
0.55,4,16
0.55,4,17
0.55,4,18
0.55,4,19
0.55,4,20
0.55,4,21
0.55,4,22
0.55,4,23
0.55,4,24
0.55,4,25
0.55,4,26
0.55,4,27
0.55,4,28
0.55,4,29
0.55,4,30
0.55,5,0
0.55,5,1
0.55,5,2
0.55,5,3
0.55,5,4
0.55,5,5
0.55,5,6
0.55,5,7
0.55,5,8
0.55,5,9
0.55,5,10
0.55,5,11
0.55,5,12
0.55,5,13
0.55,5,14
0.55,5,15
0.55,5,16
0.55,5,17
0.55,5,18
0.55,5,19
0.55,5,20
0.55,5,21
0.55,5,22
0.55,5,23
0.55,5,24
0.55,5,25
0.55,5,26
0.55,5,27
0.55,5,28
0.55,5,29
0.55,5,30
0.55,6,0
0.55,6,1
0.55,6,2
0.55,6,3
0.55,6,4
0.55,6,5
0.55,6,6
0.55,6,7
0.55,6,8
0.55,6,9
0.55,6,10
0.55,6,11
0.55,6,12
0.55,6,13
0.55,6,14
0.55,6,15
0.55,6,16
0.55,6,17
0.55,6,18
0.55,6,19
0.55,6,20
0.55,6,21
0.55,6,22
0.55,6,23
0.55,6,24
0.55,6,25
0.55,6,26
0.55,6,27
0.55,6,28
0.55,6,29
0.55,6,30
0.55,7,0
0.55,7,1
0.55,7,2
0.55,7,3
0.55,7,4
0.55,7,5
0.55,7,6
0.55,7,7
0.55,7,8
0.55,7,9
0.55,7,10
0.55,7,11
0.55,7,12
0.55,7,13
0.55,7,14
0.55,7,15
0.55,7,16
0.55,7,17
0.55,7,18
0.55,7,19
0.55,7,20
0.55,7,21
0.55,7,22
0.55,7,23
0.55,7,24
0.55,7,25
0.55,7,26
0.55,7,27
0.55,7,28
0.55,7,29
0.55,7,30
0.55,8,0
0.55,8,1
0.55,8,2
0.55,8,3
0.55,8,4
0.55,8,5
0.55,8,6
0.55,8,7
0.55,8,8
0.55,8,9
0.55,8,10
0.55,8,11
0.55,8,12
0.55,8,13
0.55,8,14
0.55,8,15
0.55,8,16
0.55,8,17
0.55,8,18
0.55,8,19
0.55,8,20
0.55,8,21
0.55,8,22
0.55,8,23
0.55,8,24
0.55,8,25
0.55,8,26
0.55,8,27
0.55,8,28
0.55,8,29
0.55,8,30
0.55,9,0
0.55,9,1
0.55,9,2
0.55,9,3
0.55,9,4
0.55,9,5
0.55,9,6
0.55,9,7
0.55,9,8
0.55,9,9
0.55,9,10
0.55,9,11
0.55,9,12
0.55,9,13
0.55,9,14
0.55,9,15
0.55,9,16
0.55,9,17
0.55,9,18
0.55,9,19
0.55,9,20
0.55,9,21
0.55,9,22
0.55,9,23
0.55,9,24
0.55,9,25
0.55,9,26
0.55,9,27
0.55,9,28
0.55,9,29
0.55,9,30
0.55,10,0
0.55,10,1
0.55,10,2
0.55,10,3
0.55,10,4
0.55,10,5
0.55,10,6
0.55,10,7
0.55,10,8
0.55,10,9
0.55,10,10
0.55,10,11
0.55,10,12
0.55,10,13
0.55,10,14
0.55,10,15
0.55,10,16
0.55,10,17
0.55,10,18
0.55,10,19
0.55,10,20
0.55,10,21
0.55,10,22
0.55,10,23
0.55,10,24
0.55,10,25
0.55,10,26
0.55,10,27
0.55,10,28
0.55,10,29
0.55,10,30
0.55,11,0
0.55,11,1
0.55,11,2
0.55,11,3
0.55,11,4
0.55,11,5
0.55,11,6
0.55,11,7
0.55,11,8
0.55,11,9
0.55,11,10
0.55,11,11
0.55,11,12
0.55,11,13
0.55,11,14
0.55,11,15
0.55,11,16
0.55,11,17
0.55,11,18
0.55,11,19
0.55,11,20
0.55,11,21
0.55,11,22
0.55,11,23
0.55,11,24
0.55,11,25
0.55,11,26
0.55,11,27
0.55,11,28
0.55,11,29
0.55,11,30
0.55,12,0
0.55,12,1
0.55,12,2
0.55,12,3
0.55,12,4
0.55,12,5
0.55,12,6
0.55,12,7
0.55,12,8
0.55,12,9
0.55,12,10
0.55,12,11
0.55,12,12
0.55,12,13
0.55,12,14
0.55,12,15
0.55,12,16
0.55,12,17
0.55,12,18
0.55,12,19
0.55,12,20
0.55,12,21
0.55,12,22
0.55,12,23
0.55,12,24
0.55,12,25
0.55,12,26
0.55,12,27
0.55,12,28
0.55,12,29
0.55,12,30
0.55,13,0
0.55,13,1
0.55,13,2
0.55,13,3
0.55,13,4
0.55,13,5
0.55,13,6
0.55,13,7
0.55,13,8
0.55,13,9
0.55,13,10
0.55,13,11
0.55,13,12
0.55,13,13
0.55,13,14
0.55,13,15
0.55,13,16
0.55,13,17
0.55,13,18
0.55,13,19
0.55,13,20
0.55,13,21
0.55,13,22
0.55,13,23
0.55,13,24
0.55,13,25
0.55,13,26
0.55,13,27
0.55,13,28
0.55,13,29
0.55,13,30
0.55,14,0
0.55,14,1
0.55,14,2
0.55,14,3
0.55,14,4
0.55,14,5
0.55,14,6
0.55,14,7
0.55,14,8
0.55,14,9
0.55,14,10
0.55,14,11
0.55,14,12
0.55,14,13
0.55,14,14
0.55,14,15
0.55,14,16
0.55,14,17
0.55,14,18
0.55,14,19
0.55,14,20
0.55,14,21
0.55,14,22
0.55,14,23
0.55,14,24
0.55,14,25
0.55,14,26
0.55,14,27
0.55,14,28
0.55,14,29
0.55,14,30
0.55,15,0
0.55,15,1
0.55,15,2
0.55,15,3
0.55,15,4
0.55,15,5
0.55,15,6
0.55,15,7
0.55,15,8
0.55,15,9
0.55,15,10
0.55,15,11
0.55,15,12
0.55,15,13
0.55,15,14
0.55,15,15
0.55,15,16
0.55,15,17
0.55,15,18
0.55,15,19
0.55,15,20
0.55,15,21
0.55,15,22
0.55,15,23
0.55,15,24
0.55,15,25
0.55,15,26
0.55,15,27
0.55,15,28
0.55,15,29
0.55,15,30
0.55,16,0
0.55,16,1
0.55,16,2
0.55,16,3
0.55,16,4
0.55,16,5
0.55,16,6
0.55,16,7
0.55,16,8
0.55,16,9
0.55,16,10
0.55,16,11
0.55,16,12
0.55,16,13
0.55,16,14
0.55,16,15
0.55,16,16
0.55,16,17
0.55,16,18
0.55,16,19
0.55,16,20
0.55,16,21
0.55,16,22
0.55,16,23
0.55,16,24
0.55,16,25
0.55,16,26
0.55,16,27
0.55,16,28
0.55,16,29
0.55,16,30
0.55,17,0
0.55,17,1
0.55,17,2
0.55,17,3
0.55,17,4
0.55,17,5
0.55,17,6
0.55,17,7
0.55,17,8
0.55,17,9
0.55,17,10
0.55,17,11
0.55,17,12
0.55,17,13
0.55,17,14
0.55,17,15
0.55,17,16
0.55,17,17
0.55,17,18
0.55,17,19
0.55,17,20
0.55,17,21
0.55,17,22
0.55,17,23
0.55,17,24
0.55,17,25
0.55,17,26
0.55,17,27
0.55,17,28
0.55,17,29
0.55,17,30
0.55,18,0
0.55,18,1
0.55,18,2
0.55,18,3
0.55,18,4
0.55,18,5
0.55,18,6
0.55,18,7
0.55,18,8
0.55,18,9
0.55,18,10
0.55,18,11
0.55,18,12
0.55,18,13
0.55,18,14
0.55,18,15
0.55,18,16
0.55,18,17
0.55,18,18
0.55,18,19
0.55,18,20
0.55,18,21
0.55,18,22
0.55,18,23
0.55,18,24
0.55,18,25
0.55,18,26
0.55,18,27
0.55,18,28
0.55,18,29
0.55,18,30
0.55,19,0
0.55,19,1
0.55,19,2
0.55,19,3
0.55,19,4
0.55,19,5
0.55,19,6
0.55,19,7
0.55,19,8
0.55,19,9
0.55,19,10
0.55,19,11
0.55,19,12
0.55,19,13
0.55,19,14
0.55,19,15
0.55,19,16
0.55,19,17
0.55,19,18
0.55,19,19
0.55,19,20
0.55,19,21
0.55,19,22
0.55,19,23
0.55,19,24
0.55,19,25
0.55,19,26
0.55,19,27
0.55,19,28
0.55,19,29
0.55,19,30
0.55,20,0
0.55,20,1
0.55,20,2
0.55,20,3
0.55,20,4
0.55,20,5
0.55,20,6
0.55,20,7
0.55,20,8
0.55,20,9
0.55,20,10
0.55,20,11
0.55,20,12
0.55,20,13
0.55,20,14
0.55,20,15
0.55,20,16
0.55,20,17
0.55,20,18
0.55,20,19
0.55,20,20
0.55,20,21
0.55,20,22
0.55,20,23
0.55,20,24
0.55,20,25
0.55,20,26
0.55,20,27
0.55,20,28
0.55,20,29
0.55,20,30
0.55,21,0
0.55,21,1
0.55,21,2
0.55,21,3
0.55,21,4
0.55,21,5
0.55,21,6
0.55,21,7
0.55,21,8
0.55,21,9
0.55,21,10
0.55,21,11
0.55,21,12
0.55,21,13
0.55,21,14
0.55,21,15
0.55,21,16
0.55,21,17
0.55,21,18
0.55,21,19
0.55,21,20
0.55,21,21
0.55,21,22
0.55,21,23
0.55,21,24
0.55,21,25
0.55,21,26
0.55,21,27
0.55,21,28
0.55,21,29
0.55,21,30
0.55,22,0
0.55,22,1
0.55,22,2
0.55,22,3
0.55,22,4
0.55,22,5
0.55,22,6
0.55,22,7
0.55,22,8
0.55,22,9
0.55,22,10
0.55,22,11
0.55,22,12
0.55,22,13
0.55,22,14
0.55,22,15
0.55,22,16
0.55,22,17
0.55,22,18
0.55,22,19
0.55,22,20
0.55,22,21
0.55,22,22
0.55,22,23
0.55,22,24
0.55,22,25
0.55,22,26
0.55,22,27
0.55,22,28
0.55,22,29
0.55,22,30
0.55,23,0
0.55,23,1
0.55,23,2
0.55,23,3
0.55,23,4
0.55,23,5
0.55,23,6
0.55,23,7
0.55,23,8
0.55,23,9
0.55,23,10
0.55,23,11
0.55,23,12
0.55,23,13
0.55,23,14
0.55,23,15
0.55,23,16
0.55,23,17
0.55,23,18
0.55,23,19
0.55,23,20
0.55,23,21
0.55,23,22
0.55,23,23
0.55,23,24
0.55,23,25
0.55,23,26
0.55,23,27
0.55,23,28
0.55,23,29
0.55,23,30
0.55,24,0
0.55,24,1
0.55,24,2
0.55,24,3
0.55,24,4
0.55,24,5
0.55,24,6
0.55,24,7
0.55,24,8
0.55,24,9
0.55,24,10
0.55,24,11
0.55,24,12
0.55,24,13
0.55,24,14
0.55,24,15
0.55,24,16
0.55,24,17
0.55,24,18
0.55,24,19
0.55,24,20
0.55,24,21
0.55,24,22
0.55,24,23
0.55,24,24
0.55,24,25
0.55,24,26
0.55,24,27
0.55,24,28
0.55,24,29
0.55,24,30
0.55,25,0
0.55,25,1
0.55,25,2
0.55,25,3
0.55,25,4
0.55,25,5
0.55,25,6
0.55,25,7
0.55,25,8
0.55,25,9
0.55,25,10
0.55,25,11
0.55,25,12
0.55,25,13
0.55,25,14
0.55,25,15
0.55,25,16
0.55,25,17
0.55,25,18
0.55,25,19
0.55,25,20
0.55,25,21
0.55,25,22
0.55,25,23
0.55,25,24
0.55,25,25
0.55,25,26
0.55,25,27
0.55,25,28
0.55,25,29
0.55,25,30
0.55,26,0
0.55,26,1
0.55,26,2
0.55,26,3
0.55,26,4
0.55,26,5
0.55,26,6
0.55,26,7
0.55,26,8
0.55,26,9
0.55,26,10
0.55,26,11
0.55,26,12
0.55,26,13
0.55,26,14
0.55,26,15
0.55,26,16
0.55,26,17
0.55,26,18
0.55,26,19
0.55,26,20
0.55,26,21
0.55,26,22
0.55,26,23
0.55,26,24
0.55,26,25
0.55,26,26
0.55,26,27
0.55,26,28
0.55,26,29
0.55,26,30
0.55,27,0
0.55,27,1
0.55,27,2
0.55,27,3
0.55,27,4
0.55,27,5
0.55,27,6
0.55,27,7
0.55,27,8
0.55,27,9
0.55,27,10
0.55,27,11
0.55,27,12
0.55,27,13
0.55,27,14
0.55,27,15
0.55,27,16
0.55,27,17
0.55,27,18
0.55,27,19
0.55,27,20
0.55,27,21
0.55,27,22
0.55,27,23
0.55,27,24
0.55,27,25
0.55,27,26
0.55,27,27
0.55,27,28
0.55,27,29
0.55,27,30
0.55,28,0
0.55,28,1
0.55,28,2
0.55,28,3
0.55,28,4
0.55,28,5
0.55,28,6
0.55,28,7
0.55,28,8
0.55,28,9
0.55,28,10
0.55,28,11
0.55,28,12
0.55,28,13
0.55,28,14
0.55,28,15
0.55,28,16
0.55,28,17
0.55,28,18
0.55,28,19
0.55,28,20
0.55,28,21
0.55,28,22
0.55,28,23
0.55,28,24
0.55,28,25
0.55,28,26
0.55,28,27
0.55,28,28
0.55,28,29
0.55,28,30
0.55,29,0
0.55,29,1
0.55,29,2
0.55,29,3
0.55,29,4
0.55,29,5
0.55,29,6
0.55,29,7
0.55,29,8
0.55,29,9
0.55,29,10
0.55,29,11
0.55,29,12
0.55,29,13
0.55,29,14
0.55,29,15
0.55,29,16
0.55,29,17
0.55,29,18
0.55,29,19
0.55,29,20
0.55,29,21
0.55,29,22
0.55,29,23
0.55,29,24
0.55,29,25
0.55,29,26
0.55,29,27
0.55,29,28
0.55,29,29
0.55,29,30
0.55,30,0
0.55,30,1
0.55,30,2
0.55,30,3
0.55,30,4
0.55,30,5
0.55,30,6
0.55,30,7
0.55,30,8
0.55,30,9
0.55,30,10
0.55,30,11
0.55,30,12
0.55,30,13
0.55,30,14
0.55,30,15
0.55,30,16
0.55,30,17
0.55,30,18
0.55,30,19
0.55,30,20
0.55,30,21
0.55,30,22
0.55,30,23
0.55,30,24
0.55,30,25
0.55,30,26
0.55,30,27
0.55,30,28
0.55,30,29
0.55,30,30
0.55,31,0
0.55,31,1
0.55,31,2
0.55,31,3
0.55,31,4
0.55,31,5
0.55,31,6
0.55,31,7
0.55,31,8
0.55,31,9
0.55,31,10
0.55,31,11
0.55,31,12
0.55,31,13
0.55,31,14
0.55,31,15
0.55,31,16
0.55,31,17
0.55,31,18
0.55,31,19
0.55,31,20
0.55,31,21
0.55,31,22
0.55,31,23
0.55,31,24
0.55,31,25
0.55,31,26
0.55,31,27
0.55,31,28
0.55,31,29
0.55,31,30
0.55,32,0
0.55,32,1
0.55,32,2
0.55,32,3
0.55,32,4
0.55,32,5
0.55,32,6
0.55,32,7
0.55,32,8
0.55,32,9
0.55,32,10
0.55,32,11
0.55,32,12
0.55,32,13
0.55,32,14
0.55,32,15
0.55,32,16
0.55,32,17
0.55,32,18
0.55,32,19
0.55,32,20
0.55,32,21
0.55,32,22
0.55,32,23
0.55,32,24
0.55,32,25
0.55,32,26
0.55,32,27
0.55,32,28
0.55,32,29
0.55,32,30
0.55,33,0
0.55,33,1
0.55,33,2
0.55,33,3
0.55,33,4
0.55,33,5
0.55,33,6
0.55,33,7
0.55,33,8
0.55,33,9
0.55,33,10
0.55,33,11
0.55,33,12
0.55,33,13
0.55,33,14
0.55,33,15
0.55,33,16
0.55,33,17
0.55,33,18
0.55,33,19
0.55,33,20
0.55,33,21
0.55,33,22
0.55,33,23
0.55,33,24
0.55,33,25
0.55,33,26
0.55,33,27
0.55,33,28
0.55,33,29
0.55,33,30
0.55,34,0
0.55,34,1
0.55,34,2
0.55,34,3
0.55,34,4
0.55,34,5
0.55,34,6
0.55,34,7
0.55,34,8
0.55,34,9
0.55,34,10
0.55,34,11
0.55,34,12
0.55,34,13
0.55,34,14
0.55,34,15
0.55,34,16
0.55,34,17
0.55,34,18
0.55,34,19
0.55,34,20
0.55,34,21
0.55,34,22
0.55,34,23
0.55,34,24
0.55,34,25
0.55,34,26
0.55,34,27
0.55,34,28
0.55,34,29
0.55,34,30
0.55,35,0
0.55,35,1
0.55,35,2
0.55,35,3
0.55,35,4
0.55,35,5
0.55,35,6
0.55,35,7
0.55,35,8
0.55,35,9
0.55,35,10
0.55,35,11
0.55,35,12
0.55,35,13
0.55,35,14
0.55,35,15
0.55,35,16
0.55,35,17
0.55,35,18
0.55,35,19
0.55,35,20
0.55,35,21
0.55,35,22
0.55,35,23
0.55,35,24
0.55,35,25
0.55,35,26
0.55,35,27
0.55,35,28
0.55,35,29
0.55,35,30
0.55,36,0
0.55,36,1
0.55,36,2
0.55,36,3
0.55,36,4
0.55,36,5
0.55,36,6
0.55,36,7
0.55,36,8
0.55,36,9
0.55,36,10
0.55,36,11
0.55,36,12
0.55,36,13
0.55,36,14
0.55,36,15
0.55,36,16
0.55,36,17
0.55,36,18
0.55,36,19
0.55,36,20
0.55,36,21
0.55,36,22
0.55,36,23
0.55,36,24
0.55,36,25
0.55,36,26
0.55,36,27
0.55,36,28
0.55,36,29
0.55,36,30
0.55,37,0
0.55,37,1
0.55,37,2
0.55,37,3
0.55,37,4
0.55,37,5
0.55,37,6
0.55,37,7
0.55,37,8
0.55,37,9
0.55,37,10
0.55,37,11
0.55,37,12
0.55,37,13
0.55,37,14
0.55,37,15
0.55,37,16
0.55,37,17
0.55,37,18
0.55,37,19
0.55,37,20
0.55,37,21
0.55,37,22
0.55,37,23
0.55,37,24
0.55,37,25
0.55,37,26
0.55,37,27
0.55,37,28
0.55,37,29
0.55,37,30
0.55,38,0
0.55,38,1
0.55,38,2
0.55,38,3
0.55,38,4
0.55,38,5
0.55,38,6
0.55,38,7
0.55,38,8
0.55,38,9
0.55,38,10
0.55,38,11
0.55,38,12
0.55,38,13
0.55,38,14
0.55,38,15
0.55,38,16
0.55,38,17
0.55,38,18
0.55,38,19
0.55,38,20
0.55,38,21
0.55,38,22
0.55,38,23
0.55,38,24
0.55,38,25
0.55,38,26
0.55,38,27
0.55,38,28
0.55,38,29
0.55,38,30
0.55,39,0
0.55,39,1
0.55,39,2
0.55,39,3
0.55,39,4
0.55,39,5
0.55,39,6
0.55,39,7
0.55,39,8
0.55,39,9
0.55,39,10
0.55,39,11
0.55,39,12
0.55,39,13
0.55,39,14
0.55,39,15
0.55,39,16
0.55,39,17
0.55,39,18
0.55,39,19
0.55,39,20
0.55,39,21
0.55,39,22
0.55,39,23
0.55,39,24
0.55,39,25
0.55,39,26
0.55,39,27
0.55,39,28
0.55,39,29
0.55,39,30
0.55,40,0
0.55,40,1
0.55,40,2
0.55,40,3
0.55,40,4
0.55,40,5
0.55,40,6
0.55,40,7
0.55,40,8
0.55,40,9
0.55,40,10
0.55,40,11
0.55,40,12
0.55,40,13
0.55,40,14
0.55,40,15
0.55,40,16
0.55,40,17
0.55,40,18
0.55,40,19
0.55,40,20
0.55,40,21
0.55,40,22
0.55,40,23
0.55,40,24
0.55,40,25
0.55,40,26
0.55,40,27
0.55,40,28
0.55,40,29
0.55,40,30
0.55,41,0
0.55,41,1
0.55,41,2
0.55,41,3
0.55,41,4
0.55,41,5
0.55,41,6
0.55,41,7
0.55,41,8
0.55,41,9
0.55,41,10
0.55,41,11
0.55,41,12
0.55,41,13
0.55,41,14
0.55,41,15
0.55,41,16
0.55,41,17
0.55,41,18
0.55,41,19
0.55,41,20
0.55,41,21
0.55,41,22
0.55,41,23
0.55,41,24
0.55,41,25
0.55,41,26
0.55,41,27
0.55,41,28
0.55,41,29
0.55,41,30
0.55,42,0
0.55,42,1
0.55,42,2
0.55,42,3
0.55,42,4
0.55,42,5
0.55,42,6
0.55,42,7
0.55,42,8
0.55,42,9
0.55,42,10
0.55,42,11
0.55,42,12
0.55,42,13
0.55,42,14
0.55,42,15
0.55,42,16
0.55,42,17
0.55,42,18
0.55,42,19
0.55,42,20
0.55,42,21
0.55,42,22
0.55,42,23
0.55,42,24
0.55,42,25
0.55,42,26
0.55,42,27
0.55,42,28
0.55,42,29
0.55,42,30
0.55,43,0
0.55,43,1
0.55,43,2
0.55,43,3
0.55,43,4
0.55,43,5
0.55,43,6
0.55,43,7
0.55,43,8
0.55,43,9
0.55,43,10
0.55,43,11
0.55,43,12
0.55,43,13
0.55,43,14
0.55,43,15
0.55,43,16
0.55,43,17
0.55,43,18
0.55,43,19
0.55,43,20
0.55,43,21
0.55,43,22
0.55,43,23
0.55,43,24
0.55,43,25
0.55,43,26
0.55,43,27
0.55,43,28
0.55,43,29
0.55,43,30
0.55,44,0
0.55,44,1
0.55,44,2
0.55,44,3
0.55,44,4
0.55,44,5
0.55,44,6
0.55,44,7
0.55,44,8
0.55,44,9
0.55,44,10
0.55,44,11
0.55,44,12
0.55,44,13
0.55,44,14
0.55,44,15
0.55,44,16
0.55,44,17
0.55,44,18
0.55,44,19
0.55,44,20
0.55,44,21
0.55,44,22
0.55,44,23
0.55,44,24
0.55,44,25
0.55,44,26
0.55,44,27
0.55,44,28
0.55,44,29
0.55,44,30
0.55,45,0
0.55,45,1
0.55,45,2
0.55,45,3
0.55,45,4
0.55,45,5
0.55,45,6
0.55,45,7
0.55,45,8
0.55,45,9
0.55,45,10
0.55,45,11
0.55,45,12
0.55,45,13
0.55,45,14
0.55,45,15
0.55,45,16
0.55,45,17
0.55,45,18
0.55,45,19
0.55,45,20
0.55,45,21
0.55,45,22
0.55,45,23
0.55,45,24
0.55,45,25
0.55,45,26
0.55,45,27
0.55,45,28
0.55,45,29
0.55,45,30
0.55,46,0
0.55,46,1
0.55,46,2
0.55,46,3
0.55,46,4
0.55,46,5
0.55,46,6
0.55,46,7
0.55,46,8
0.55,46,9
0.55,46,10
0.55,46,11
0.55,46,12
0.55,46,13
0.55,46,14
0.55,46,15
0.55,46,16
0.55,46,17
0.55,46,18
0.55,46,19
0.55,46,20
0.55,46,21
0.55,46,22
0.55,46,23
0.55,46,24
0.55,46,25
0.55,46,26
0.55,46,27
0.55,46,28
0.55,46,29
0.55,46,30
0.55,47,0
0.55,47,1
0.55,47,2
0.55,47,3
0.55,47,4
0.55,47,5
0.55,47,6
0.55,47,7
0.55,47,8
0.55,47,9
0.55,47,10
0.55,47,11
0.55,47,12
0.55,47,13
0.55,47,14
0.55,47,15
0.55,47,16
0.55,47,17
0.55,47,18
0.55,47,19
0.55,47,20
0.55,47,21
0.55,47,22
0.55,47,23
0.55,47,24
0.55,47,25
0.55,47,26
0.55,47,27
0.55,47,28
0.55,47,29
0.55,47,30
0.55,48,0
0.55,48,1
0.55,48,2
0.55,48,3
0.55,48,4
0.55,48,5
0.55,48,6
0.55,48,7
0.55,48,8
0.55,48,9
0.55,48,10
0.55,48,11
0.55,48,12
0.55,48,13
0.55,48,14
0.55,48,15
0.55,48,16
0.55,48,17
0.55,48,18
0.55,48,19
0.55,48,20
0.55,48,21
0.55,48,22
0.55,48,23
0.55,48,24
0.55,48,25
0.55,48,26
0.55,48,27
0.55,48,28
0.55,48,29
0.55,48,30
0.55,49,0
0.55,49,1
0.55,49,2
0.55,49,3
0.55,49,4
0.55,49,5
0.55,49,6
0.55,49,7
0.55,49,8
0.55,49,9
0.55,49,10
0.55,49,11
0.55,49,12
0.55,49,13
0.55,49,14
0.55,49,15
0.55,49,16
0.55,49,17
0.55,49,18
0.55,49,19
0.55,49,20
0.55,49,21
0.55,49,22
0.55,49,23
0.55,49,24
0.55,49,25
0.55,49,26
0.55,49,27
0.55,49,28
0.55,49,29
0.55,49,30
0.55,50,0
0.55,50,1
0.55,50,2
0.55,50,3
0.55,50,4
0.55,50,5
0.55,50,6
0.55,50,7
0.55,50,8
0.55,50,9
0.55,50,10
0.55,50,11
0.55,50,12
0.55,50,13
0.55,50,14
0.55,50,15
0.55,50,16
0.55,50,17
0.55,50,18
0.55,50,19
0.55,50,20
0.55,50,21
0.55,50,22
0.55,50,23
0.55,50,24
0.55,50,25
0.55,50,26
0.55,50,27
0.55,50,28
0.55,50,29
0.55,50,30
0.55,51,0
0.55,51,1
0.55,51,2
0.55,51,3
0.55,51,4
0.55,51,5
0.55,51,6
0.55,51,7
0.55,51,8
0.55,51,9
0.55,51,10
0.55,51,11
0.55,51,12
0.55,51,13
0.55,51,14
0.55,51,15
0.55,51,16
0.55,51,17
0.55,51,18
0.55,51,19
0.55,51,20
0.55,51,21
0.55,51,22
0.55,51,23
0.55,51,24
0.55,51,25
0.55,51,26
0.55,51,27
0.55,51,28
0.55,51,29
0.55,51,30
0.55,52,0
0.55,52,1
0.55,52,2
0.55,52,3
0.55,52,4
0.55,52,5
0.55,52,6
0.55,52,7
0.55,52,8
0.55,52,9
0.55,52,10
0.55,52,11
0.55,52,12
0.55,52,13
0.55,52,14
0.55,52,15
0.55,52,16
0.55,52,17
0.55,52,18
0.55,52,19
0.55,52,20
0.55,52,21
0.55,52,22
0.55,52,23
0.55,52,24
0.55,52,25
0.55,52,26
0.55,52,27
0.55,52,28
0.55,52,29
0.55,52,30
0.55,53,0
0.55,53,1
0.55,53,2
0.55,53,3
0.55,53,4
0.55,53,5
0.55,53,6
0.55,53,7
0.55,53,8
0.55,53,9
0.55,53,10
0.55,53,11
0.55,53,12
0.55,53,13
0.55,53,14
0.55,53,15
0.55,53,16
0.55,53,17
0.55,53,18
0.55,53,19
0.55,53,20
0.55,53,21
0.55,53,22
0.55,53,23
0.55,53,24
0.55,53,25
0.55,53,26
0.55,53,27
0.55,53,28
0.55,53,29
0.55,53,30
0.55,54,0
0.55,54,1
0.55,54,2
0.55,54,3
0.55,54,4
0.55,54,5
0.55,54,6
0.55,54,7
0.55,54,8
0.55,54,9
0.55,54,10
0.55,54,11
0.55,54,12
0.55,54,13
0.55,54,14
0.55,54,15
0.55,54,16
0.55,54,17
0.55,54,18
0.55,54,19
0.55,54,20
0.55,54,21
0.55,54,22
0.55,54,23
0.55,54,24
0.55,54,25
0.55,54,26
0.55,54,27
0.55,54,28
0.55,54,29
0.55,54,30
0.55,55,0
0.55,55,1
0.55,55,2
0.55,55,3
0.55,55,4
0.55,55,5
0.55,55,6
0.55,55,7
0.55,55,8
0.55,55,9
0.55,55,10
0.55,55,11
0.55,55,12
0.55,55,13
0.55,55,14
0.55,55,15
0.55,55,16
0.55,55,17
0.55,55,18
0.55,55,19
0.55,55,20
0.55,55,21
0.55,55,22
0.55,55,23
0.55,55,24
0.55,55,25
0.55,55,26
0.55,55,27
0.55,55,28
0.55,55,29
0.55,55,30
0.55,56,0
0.55,56,1
0.55,56,2
0.55,56,3
0.55,56,4
0.55,56,5
0.55,56,6
0.55,56,7
0.55,56,8
0.55,56,9
0.55,56,10
0.55,56,11
0.55,56,12
0.55,56,13
0.55,56,14
0.55,56,15
0.55,56,16
0.55,56,17
0.55,56,18
0.55,56,19
0.55,56,20
0.55,56,21
0.55,56,22
0.55,56,23
0.55,56,24
0.55,56,25
0.55,56,26
0.55,56,27
0.55,56,28
0.55,56,29
0.55,56,30
0.55,57,0
0.55,57,1
0.55,57,2
0.55,57,3
0.55,57,4
0.55,57,5
0.55,57,6
0.55,57,7
0.55,57,8
0.55,57,9
0.55,57,10
0.55,57,11
0.55,57,12
0.55,57,13
0.55,57,14
0.55,57,15
0.55,57,16
0.55,57,17
0.55,57,18
0.55,57,19
0.55,57,20
0.55,57,21
0.55,57,22
0.55,57,23
0.55,57,24
0.55,57,25
0.55,57,26
0.55,57,27
0.55,57,28
0.55,57,29
0.55,57,30
0.55,58,0
0.55,58,1
0.55,58,2
0.55,58,3
0.55,58,4
0.55,58,5
0.55,58,6
0.55,58,7
0.55,58,8
0.55,58,9
0.55,58,10
0.55,58,11
0.55,58,12
0.55,58,13
0.55,58,14
0.55,58,15
0.55,58,16
0.55,58,17
0.55,58,18
0.55,58,19
0.55,58,20
0.55,58,21
0.55,58,22
0.55,58,23
0.55,58,24
0.55,58,25
0.55,58,26
0.55,58,27
0.55,58,28
0.55,58,29
0.55,58,30
0.55,59,0
0.55,59,1
0.55,59,2
0.55,59,3
0.55,59,4
0.55,59,5
0.55,59,6
0.55,59,7
0.55,59,8
0.55,59,9
0.55,59,10
0.55,59,11
0.55,59,12
0.55,59,13
0.55,59,14
0.55,59,15
0.55,59,16
0.55,59,17
0.55,59,18
0.55,59,19
0.55,59,20
0.55,59,21
0.55,59,22
0.55,59,23
0.55,59,24
0.55,59,25
0.55,59,26
0.55,59,27
0.55,59,28
0.55,59,29
0.55,59,30
0.55,60,0
0.55,60,1
0.55,60,2
0.55,60,3
0.55,60,4
0.55,60,5
0.55,60,6
0.55,60,7
0.55,60,8
0.55,60,9
0.55,60,10
0.55,60,11
0.55,60,12
0.55,60,13
0.55,60,14
0.55,60,15
0.55,60,16
0.55,60,17
0.55,60,18
0.55,60,19
0.55,60,20
0.55,60,21
0.55,60,22
0.55,60,23
0.55,60,24
0.55,60,25
0.55,60,26
0.55,60,27
0.55,60,28
0.55,60,29
0.55,60,30
0.55,61,0
0.55,61,1
0.55,61,2
0.55,61,3
0.55,61,4
0.55,61,5
0.55,61,6
0.55,61,7
0.55,61,8
0.55,61,9
0.55,61,10
0.55,61,11
0.55,61,12
0.55,61,13
0.55,61,14
0.55,61,15
0.55,61,16
0.55,61,17
0.55,61,18
0.55,61,19
0.55,61,20
0.55,61,21
0.55,61,22
0.55,61,23
0.55,61,24
0.55,61,25
0.55,61,26
0.55,61,27
0.55,61,28
0.55,61,29
0.55,61,30
0.55,62,0
0.55,62,1
0.55,62,2
0.55,62,3
0.55,62,4
0.55,62,5
0.55,62,6
0.55,62,7
0.55,62,8
0.55,62,9
0.55,62,10
0.55,62,11
0.55,62,12
0.55,62,13
0.55,62,14
0.55,62,15
0.55,62,16
0.55,62,17
0.55,62,18
0.55,62,19
0.55,62,20
0.55,62,21
0.55,62,22
0.55,62,23
0.55,62,24
0.55,62,25
0.55,62,26
0.55,62,27
0.55,62,28
0.55,62,29
0.55,62,30
0.55,63,0
0.55,63,1
0.55,63,2
0.55,63,3
0.55,63,4
0.55,63,5
0.55,63,6
0.55,63,7
0.55,63,8
0.55,63,9
0.55,63,10
0.55,63,11
0.55,63,12
0.55,63,13
0.55,63,14
0.55,63,15
0.55,63,16
0.55,63,17
0.55,63,18
0.55,63,19
0.55,63,20
0.55,63,21
0.55,63,22
0.55,63,23
0.55,63,24
0.55,63,25
0.55,63,26
0.55,63,27
0.55,63,28
0.55,63,29
0.55,63,30
0.55,64,0
0.55,64,1
0.55,64,2
0.55,64,3
0.55,64,4
0.55,64,5
0.55,64,6
0.55,64,7
0.55,64,8
0.55,64,9
0.55,64,10
0.55,64,11
0.55,64,12
0.55,64,13
0.55,64,14
0.55,64,15
0.55,64,16
0.55,64,17
0.55,64,18
0.55,64,19
0.55,64,20
0.55,64,21
0.55,64,22
0.55,64,23
0.55,64,24
0.55,64,25
0.55,64,26
0.55,64,27
0.55,64,28
0.55,64,29
0.55,64,30
0.55,65,0
0.55,65,1
0.55,65,2
0.55,65,3
0.55,65,4
0.55,65,5
0.55,65,6
0.55,65,7
0.55,65,8
0.55,65,9
0.55,65,10
0.55,65,11
0.55,65,12
0.55,65,13
0.55,65,14
0.55,65,15
0.55,65,16
0.55,65,17
0.55,65,18
0.55,65,19
0.55,65,20
0.55,65,21
0.55,65,22
0.55,65,23
0.55,65,24
0.55,65,25
0.55,65,26
0.55,65,27
0.55,65,28
0.55,65,29
0.55,65,30
0.55,66,0
0.55,66,1
0.55,66,2
0.55,66,3
0.55,66,4
0.55,66,5
0.55,66,6
0.55,66,7
0.55,66,8
0.55,66,9
0.55,66,10
0.55,66,11
0.55,66,12
0.55,66,13
0.55,66,14
0.55,66,15
0.55,66,16
0.55,66,17
0.55,66,18
0.55,66,19
0.55,66,20
0.55,66,21
0.55,66,22
0.55,66,23
0.55,66,24
0.55,66,25
0.55,66,26
0.55,66,27
0.55,66,28
0.55,66,29
0.55,66,30
0.55,67,0
0.55,67,1
0.55,67,2
0.55,67,3
0.55,67,4
0.55,67,5
0.55,67,6
0.55,67,7
0.55,67,8
0.55,67,9
0.55,67,10
0.55,67,11
0.55,67,12
0.55,67,13
0.55,67,14
0.55,67,15
0.55,67,16
0.55,67,17
0.55,67,18
0.55,67,19
0.55,67,20
0.55,67,21
0.55,67,22
0.55,67,23
0.55,67,24
0.55,67,25
0.55,67,26
0.55,67,27
0.55,67,28
0.55,67,29
0.55,67,30
0.55,68,0
0.55,68,1
0.55,68,2
0.55,68,3
0.55,68,4
0.55,68,5
0.55,68,6
0.55,68,7
0.55,68,8
0.55,68,9
0.55,68,10
0.55,68,11
0.55,68,12
0.55,68,13
0.55,68,14
0.55,68,15
0.55,68,16
0.55,68,17
0.55,68,18
0.55,68,19
0.55,68,20
0.55,68,21
0.55,68,22
0.55,68,23
0.55,68,24
0.55,68,25
0.55,68,26
0.55,68,27
0.55,68,28
0.55,68,29
0.55,68,30
0.55,69,0
0.55,69,1
0.55,69,2
0.55,69,3
0.55,69,4
0.55,69,5
0.55,69,6
0.55,69,7
0.55,69,8
0.55,69,9
0.55,69,10
0.55,69,11
0.55,69,12
0.55,69,13
0.55,69,14
0.55,69,15
0.55,69,16
0.55,69,17
0.55,69,18
0.55,69,19
0.55,69,20
0.55,69,21
0.55,69,22
0.55,69,23
0.55,69,24
0.55,69,25
0.55,69,26
0.55,69,27
0.55,69,28
0.55,69,29
0.55,69,30
0.55,70,0
0.55,70,1
0.55,70,2
0.55,70,3
0.55,70,4
0.55,70,5
0.55,70,6
0.55,70,7
0.55,70,8
0.55,70,9
0.55,70,10
0.55,70,11
0.55,70,12
0.55,70,13
0.55,70,14
0.55,70,15
0.55,70,16
0.55,70,17
0.55,70,18
0.55,70,19
0.55,70,20
0.55,70,21
0.55,70,22
0.55,70,23
0.55,70,24
0.55,70,25
0.55,70,26
0.55,70,27
0.55,70,28
0.55,70,29
0.55,70,30
